action,user_id,condition,geo_country,refr_source,browser_language,os_name,os_timezone,dvce_type
clic,379881d5-32d7-49f4-bf5b-81fefbc5fcce,1-Control,FI,Google,greek,Android,Europe,Mobile
clic,2a0f4218-4f62-479b-845c-109b2720e6e7,2-Buttony-Conversion-Buttons,AU,Google,english,iOS,Australia,Mobile
clic,a511b6dc-2dca-455b-b5e2-bf2d224a5505,2-Buttony-Conversion-Buttons,GB,Google,english,Android,Europe,Mobile
clic,9fb616a7-4e13-4307-ac92-0b075d7d376a,2-Buttony-Conversion-Buttons,FI,Google,english,iOS,Europe,Mobile
clic,64816772-688d-4460-a591-79aa49bba0d5,2-Buttony-Conversion-Buttons,BD,Google,english,Android,Asia,Mobile
clic,5bf13e7e-5366-45f6-aeb2-2bbdcaa4ef89,2-Buttony-Conversion-Buttons,GB,Google,english,iOS,Europe,Mobile
clic,f634a585-abf5-4d7b-9226-8d0cc4a3bd60,1-Control,NG,StudyPortal,english,Android,Africa,Mobile
view,f634a585-abf5-4d7b-9226-8d0cc4a3bd60,1-Control,NG,StudyPortal,english,Android,Africa,Mobile
clic,60862c89-c94a-412a-bb73-ea548e064167,2-Buttony-Conversion-Buttons,EG,Google,english,Android,Africa,Tablet
clic,4ce5bb80-ebfa-4236-85dc-50ffe8da1f2f,1-Control,DE,Google,latin_lan,Android,Europe,Mobile
clic,cd459607-3308-40f7-a6c0-0305e820f301,2-Buttony-Conversion-Buttons,HK,StudyPortal,english,Android,Asia,Mobile
clic,af78a24d-d5f5-4f8b-b418-14065e0683ab,2-Buttony-Conversion-Buttons,PG,StudyPortal,english,Android,America,Mobile
clic,819b596d-f395-40d6-af70-5de478b97d52,1-Control,GB,Google,english,Android,Europe,Mobile
clic,9e9103fe-7b75-4c1a-bcd5-3ef6e17ec41a,2-Buttony-Conversion-Buttons,SD,Google,latin_lan,Android,Asia,Mobile
clic,746f3e8f-fef7-4ab9-9604-8e1c0ee532ff,1-Control,DE,Yahoo,english,iOS,Europe,Mobile
clic,746f3e8f-fef7-4ab9-9604-8e1c0ee532ff,1-Control,DE,Yahoo,english,iOS,Europe,Mobile
clic,bed158a7-ada2-4132-8dd1-008785e910a7,1-Control,DE,Google,english,iOS,Europe,Mobile
view,bed158a7-ada2-4132-8dd1-008785e910a7,1-Control,DE,Google,english,iOS,Europe,Mobile
clic,39023d98-0ab7-4713-b289-76fd2386283c,1-Control,NG,StudyPortal,english,Android,Africa,Tablet
clic,39023d98-0ab7-4713-b289-76fd2386283c,1-Control,NG,StudyPortal,english,Android,Africa,Tablet
view,39023d98-0ab7-4713-b289-76fd2386283c,1-Control,NG,StudyPortal,english,Android,Africa,Tablet
clic,3e70c426-9476-4ade-9417-0bc5f4bbc3f3,2-Buttony-Conversion-Buttons,BR,Google,english,Android,America,Tablet
clic,19ac23bd-758a-4994-9ed9-c9def010831f,2-Buttony-Conversion-Buttons,GB,Google,english,iOS,Europe,Mobile
clic,19ac23bd-758a-4994-9ed9-c9def010831f,2-Buttony-Conversion-Buttons,GB,Google,english,iOS,Europe,Mobile
view,19ac23bd-758a-4994-9ed9-c9def010831f,2-Buttony-Conversion-Buttons,GB,Google,english,iOS,Europe,Mobile
view,19ac23bd-758a-4994-9ed9-c9def010831f,2-Buttony-Conversion-Buttons,GB,Google,english,iOS,Europe,Mobile
view,19ac23bd-758a-4994-9ed9-c9def010831f,2-Buttony-Conversion-Buttons,GB,Google,english,iOS,Europe,Mobile
clic,33eb4a13-92dd-4462-bce6-016480c2ff9b,1-Control,GB,Google,english,Android,Europe,Mobile
clic,33eb4a13-92dd-4462-bce6-016480c2ff9b,1-Control,GB,Google,english,Android,Europe,Mobile
clic,06b119f3-3ced-44df-bf1f-f1b1ae75f515,2-Buttony-Conversion-Buttons,DE,StudyPortal,latin_lan,Android,Europe,Mobile
view,06b119f3-3ced-44df-bf1f-f1b1ae75f515,2-Buttony-Conversion-Buttons,DE,StudyPortal,latin_lan,Android,Europe,Mobile
clic,feaa4730-52ea-48a1-9c7e-768cdfb123c4,1-Control,PK,Google,english,Android,Asia,Mobile
view,feaa4730-52ea-48a1-9c7e-768cdfb123c4,1-Control,PK,Google,english,Android,Asia,Mobile
clic,423fe7e7-50c6-4bd2-a36c-91b1d5e70321,1-Control,DE,StudyPortal,english,Android,Europe,Mobile
clic,4a80dbb7-d308-4034-8370-69387d3f3943,2-Buttony-Conversion-Buttons,CM,Google,english,Android,Africa,Mobile
view,4a80dbb7-d308-4034-8370-69387d3f3943,2-Buttony-Conversion-Buttons,CM,Google,english,Android,Africa,Mobile
clic,a997ef4c-a07c-4d97-b485-f3000fa93bbf,1-Control,GH,StudyPortal,english,iOS,Europe,Mobile
clic,fee94c03-89b7-46e8-9991-48271a593130,2-Buttony-Conversion-Buttons,DE,StudyPortal,latin_lan,Android,Europe,Mobile
clic,7f151acd-ec9f-4465-9904-bda5bd618e6d,2-Buttony-Conversion-Buttons,US,Google,english,Android,America,Tablet
clic,670bda65-0395-4df7-b41f-1b05a86e2c0f,2-Buttony-Conversion-Buttons,US,Google,english,iOS,America,Mobile
clic,b3152b09-1820-40c5-9d81-2ea157de7c0e,2-Buttony-Conversion-Buttons,EG,refr_source not available,english,iOS,Africa,Mobile
view,b3152b09-1820-40c5-9d81-2ea157de7c0e,2-Buttony-Conversion-Buttons,EG,refr_source not available,english,iOS,Africa,Mobile
clic,8cec1b60-00e4-4b31-b06e-0f86cc6b8ac0,2-Buttony-Conversion-Buttons,ML,Google,english,Android,Europe,Mobile
clic,fbdfa83e-e229-4bcd-a243-eb73dc6867d6,1-Control,DE,Google,english,iOS,Europe,Mobile
clic,f2f510a9-3183-470d-a909-d0c760d35fdb,1-Control,NG,refr_source not available,english,Android,Africa,Mobile
view,f2f510a9-3183-470d-a909-d0c760d35fdb,1-Control,NG,refr_source not available,english,Android,Africa,Mobile
clic,d6a0ae51-603a-4e0e-a72e-bd8236245610,2-Buttony-Conversion-Buttons,BD,Google,english,Android,Asia,Mobile
view,d6a0ae51-603a-4e0e-a72e-bd8236245610,2-Buttony-Conversion-Buttons,BD,Google,english,Android,Asia,Mobile
view,d6a0ae51-603a-4e0e-a72e-bd8236245610,2-Buttony-Conversion-Buttons,BD,Google,english,Android,Asia,Mobile
view,d6a0ae51-603a-4e0e-a72e-bd8236245610,2-Buttony-Conversion-Buttons,BD,Google,english,Android,Asia,Mobile
clic,0f714ca3-622d-4acd-b9f2-ac5a517cd989,2-Buttony-Conversion-Buttons,GB,Google,english,Android,Europe,Mobile
view,0f714ca3-622d-4acd-b9f2-ac5a517cd989,2-Buttony-Conversion-Buttons,GB,Google,english,Android,Europe,Mobile
view,0f714ca3-622d-4acd-b9f2-ac5a517cd989,2-Buttony-Conversion-Buttons,GB,Google,english,Android,Europe,Mobile
view,0f714ca3-622d-4acd-b9f2-ac5a517cd989,2-Buttony-Conversion-Buttons,GB,Google,english,Android,Europe,Mobile
view,0f714ca3-622d-4acd-b9f2-ac5a517cd989,2-Buttony-Conversion-Buttons,GB,Google,english,Android,Europe,Mobile
clic,2e7b4d05-a883-4bec-a730-2e0e51117e11,2-Buttony-Conversion-Buttons,FI,Google,greek,Android,Europe,Mobile
view,2e7b4d05-a883-4bec-a730-2e0e51117e11,2-Buttony-Conversion-Buttons,FI,Google,greek,Android,Europe,Mobile
view,0b31f493-2a44-4e9c-ac76-a30cd9d844f0,2-Buttony-Conversion-Buttons,RU,Google,latin_lan,iOS,Europe,Mobile
view,8de611c2-0e10-4f63-a016-0f1bd7a683e1,1-Control,JP,Google,asian,Android,Asia,Mobile
view,72d0242c-77ad-41a1-8f5b-4f8e74e42d30,1-Control,LB,Google,english,Android,Asia,Mobile
view,557ec246-df39-4489-8c40-e61b0d8a8f47,2-Buttony-Conversion-Buttons,GB,Google,english,iOS,Europe,Mobile
clic,557ec246-df39-4489-8c40-e61b0d8a8f47,2-Buttony-Conversion-Buttons,GB,Google,english,iOS,Europe,Mobile
view,3c7fb3b2-f38b-44bc-8df2-56a23d87229d,1-Control,NG,StudyPortal,english,Android,Africa,Mobile
view,5c7f56a3-4f6e-4c71-a020-24a40c3e7196,1-Control,GB,Google,english,iOS,Europe,Mobile
view,0702dba9-7cf0-4cc5-998b-f03378cb8401,2-Buttony-Conversion-Buttons,DE,Google,english,iOS,Europe,Mobile
view,1513ee70-fd78-4b06-aec2-b656ae567484,1-Control,MY,Google,english,iOS,Asia,Mobile
view,92a279ed-8435-445f-8c51-e7d403efdda2,1-Control,GB,Google,english,Android,Europe,Mobile
view,47e222a2-cca2-44e1-b1b6-5639e102dde7,1-Control,US,Google,english,Android,America,Mobile
view,58598ea0-2b28-494e-acf0-bb6d4e1b9429,1-Control,IN,Google,english,Android,Asia,Mobile
view,25357250-79f4-48ad-9773-90a4538b470d,2-Buttony-Conversion-Buttons,CA,Google,english,Android,America,Mobile
view,f68f31c5-918e-46dd-a098-4af745871304,2-Buttony-Conversion-Buttons,FI,Google,latin_lan,iOS,Europe,Mobile
view,4a758233-948e-4fef-b5bb-00124b63909f,2-Buttony-Conversion-Buttons,FI,Google,greek,iOS,Europe,Mobile
view,4a758233-948e-4fef-b5bb-00124b63909f,2-Buttony-Conversion-Buttons,FI,Google,greek,iOS,Europe,Mobile
view,50ccc86c-975e-4f35-9f4a-8d52fdea160f,1-Control,DE,Google,latin_lan,Android,Europe,Mobile
view,30d9aa22-8ccb-4aba-8afa-a6b5010527f3,2-Buttony-Conversion-Buttons,BM,StudyPortal,english,Android,America,Mobile
view,335eb9e1-749e-493e-876c-6f4676986436,2-Buttony-Conversion-Buttons,DE,Google,latin_lan,Android,Europe,Mobile
view,892ea457-abfc-4924-ae31-c0ff3feda944,2-Buttony-Conversion-Buttons,GB,Google,english,iOS,Europe,Mobile
view,0ebd20cf-96c5-40f4-8091-065aad13f493,2-Buttony-Conversion-Buttons,LB,Google,english,iOS,Asia,Mobile
view,56e48798-77d8-43e7-9feb-78e4872c12d0,2-Buttony-Conversion-Buttons,PE,Google,latin_lan,Android,Europe,Tablet
view,0df1a4d2-1d98-40b0-9f37-588fc7ebd848,1-Control,NG,Google,english,Android,Africa,Mobile
view,0df1a4d2-1d98-40b0-9f37-588fc7ebd848,1-Control,NG,Google,english,Android,Africa,Mobile
view,6143f81b-a792-4e02-a29c-6cb629f2f60b,2-Buttony-Conversion-Buttons,LB,Google,english,iOS,Asia,Mobile
view,a0cfed01-0c2a-4fa1-8442-d6fddc44c7e8,2-Buttony-Conversion-Buttons,GH,Google,english,Android,Europe,Mobile
view,64f58269-ce41-45c8-b3b5-0cabb8ee0941,2-Buttony-Conversion-Buttons,US,refr_source not available,english,Android,America,Mobile
view,8584ca94-7f86-4e42-afc7-6785909e655d,2-Buttony-Conversion-Buttons,ID,Google,english,iOS,Asia,Mobile
view,19356ae0-f6e9-4056-b17b-b435aafe66ee,2-Buttony-Conversion-Buttons,TZ,Google,english,Android,Asia,Mobile
view,2527e423-a36b-47ac-88e1-0948f4b4f69d,1-Control,NG,Google,english,Android,Africa,Mobile
view,f68e1161-7b9e-4763-8f35-427e62003b30,2-Buttony-Conversion-Buttons,DE,Google,latin_lan,iOS,Europe,Mobile
view,4e69e492-917a-43c9-b2aa-a2334ce18ca2,2-Buttony-Conversion-Buttons,ZM,Google,english,Android,Africa,Tablet
view,4e69e492-917a-43c9-b2aa-a2334ce18ca2,2-Buttony-Conversion-Buttons,ZM,Google,english,Android,Africa,Tablet
view,1e65f4d6-043a-4254-97a2-8aa8adbfcc11,2-Buttony-Conversion-Buttons,GB,Google,english,iOS,Europe,Mobile
view,02a21baf-ba7e-4fc0-9543-b3ba7ef27609,1-Control,FI,StudyPortal,english,iOS,Europe,Mobile
view,197e874d-e576-4ee4-aefa-e7e8710321f3,2-Buttony-Conversion-Buttons,DE,Google,english,Android,Europe,Mobile
view,197e874d-e576-4ee4-aefa-e7e8710321f3,2-Buttony-Conversion-Buttons,DE,Google,english,Android,Europe,Mobile
view,e87aa080-5405-4765-933a-fa9d6422ce66,1-Control,MM,refr_source not available,english,Android,Asia,Mobile
view,e87aa080-5405-4765-933a-fa9d6422ce66,1-Control,MM,refr_source not available,english,Android,Asia,Mobile
view,5892dfe1-c632-48a4-b790-58d7b85700d5,2-Buttony-Conversion-Buttons,AT,Google,english,iOS,Asia,Mobile
view,5892dfe1-c632-48a4-b790-58d7b85700d5,2-Buttony-Conversion-Buttons,AT,Google,english,iOS,Asia,Mobile
view,48d23bd0-59a1-4f9b-9e44-9d144ef953c8,2-Buttony-Conversion-Buttons,KW,Google,english,iOS,Asia,Mobile
view,f69c35d6-c0d1-4006-aaa6-eedf7c71626d,1-Control,DE,Google,latin_lan,Android,Europe,Mobile
view,ad334a5f-6758-4f92-a7ca-556ec524c1af,2-Buttony-Conversion-Buttons,GB,Google,english,iOS,Europe,Mobile
view,2e8da94c-ecf2-402f-96bb-d0ea35a37c38,2-Buttony-Conversion-Buttons,IN,StudyPortal,english,Android,Asia,Mobile
view,c98c93f0-bbde-4308-8947-4d815623bafc,1-Control,FI,Google,greek,Android,Europe,Tablet
view,9799e877-6a3d-4604-bff3-448963cf743a,1-Control,DE,Google,english,Android,Europe,Mobile
view,9799e877-6a3d-4604-bff3-448963cf743a,1-Control,DE,Google,english,Android,Europe,Mobile
view,1dc0cb8e-c0fa-4e1a-9768-918789456bbb,1-Control,GB,Google,english,iOS,Europe,Mobile
view,db8bbe72-4ae9-4e80-aadc-23571c03046e,2-Buttony-Conversion-Buttons,BD,Google,english,Android,Asia,Mobile
view,de8df9cf-0ee4-423e-a755-844d739e4ba0,1-Control,DE,Google,english,Android,Europe,Mobile
view,a4324a0e-f60d-4b30-b585-aaeef3d87fde,1-Control,GB,Google,english,Android,Europe,Mobile
view,85fc8c9f-adb5-4d58-b9b6-f9b812a4a1b2,1-Control,GB,Google,english,Android,Europe,Mobile
view,7d39698a-67df-483f-8951-9841557e6b26,2-Buttony-Conversion-Buttons,GB,Google,greek,Android,Europe,Mobile
view,6d6343fa-c11b-478e-8c99-c6344dccdc3d,1-Control,NG,StudyPortal,english,Android,Africa,Mobile
view,6d6343fa-c11b-478e-8c99-c6344dccdc3d,1-Control,NG,StudyPortal,english,Android,Africa,Mobile
view,2b98e05a-f209-4d44-a972-3ce810bbe2fc,1-Control,DE,Google,latin_lan,iOS,Europe,Mobile
view,02af384d-6909-407c-a527-604bea64388d,1-Control,FI,Google,english,iOS,Europe,Mobile
view,5fc30a25-ffe4-40d2-be61-1d4da71b4dd1,1-Control,AU,Google,english,iOS,Australia,Mobile
view,3afd7ba5-f67a-4ce6-94c7-eaed74d76ea3,2-Buttony-Conversion-Buttons,PH,Google,english,iOS,Asia,Mobile
view,b8e843b4-bab6-4fa1-a73c-fe8220604c66,2-Buttony-Conversion-Buttons,GB,Google,english,iOS,Europe,Mobile
clic,b8e843b4-bab6-4fa1-a73c-fe8220604c66,2-Buttony-Conversion-Buttons,GB,Google,english,iOS,Europe,Mobile
view,b8e843b4-bab6-4fa1-a73c-fe8220604c66,2-Buttony-Conversion-Buttons,GB,Google,english,iOS,Europe,Mobile
view,8b1e9140-7c00-47c1-849c-86305e729170,2-Buttony-Conversion-Buttons,GB,Google,english,iOS,Europe,Mobile
view,15687e1a-070b-41a6-a9a5-1f36760ce2f2,2-Buttony-Conversion-Buttons,KZ,Google,cyrillic,iOS,Asia,Mobile
view,fb29e586-4b00-4746-b538-a572c25e16f6,1-Control,GB,Google,english,Android,Europe,Mobile
view,3d0e473f-2d87-4ff9-b4de-c48e50ca10aa,2-Buttony-Conversion-Buttons,IN,Google,english,iOS,Asia,Mobile
view,3d0e473f-2d87-4ff9-b4de-c48e50ca10aa,2-Buttony-Conversion-Buttons,IN,Google,english,iOS,Asia,Mobile
view,8ab1e096-cbf3-4484-bacd-01a833e3e0fd,1-Control,GH,StudyPortal,english,Android,Europe,Mobile
view,8ab1e096-cbf3-4484-bacd-01a833e3e0fd,1-Control,GH,StudyPortal,english,Android,Europe,Mobile
view,8ab1e096-cbf3-4484-bacd-01a833e3e0fd,1-Control,GH,StudyPortal,english,Android,Europe,Mobile
view,8ab1e096-cbf3-4484-bacd-01a833e3e0fd,1-Control,GH,StudyPortal,english,Android,Europe,Mobile
view,8ab1e096-cbf3-4484-bacd-01a833e3e0fd,1-Control,GH,StudyPortal,english,Android,Europe,Mobile
view,8ab1e096-cbf3-4484-bacd-01a833e3e0fd,1-Control,GH,StudyPortal,english,Android,Europe,Mobile
view,8ab1e096-cbf3-4484-bacd-01a833e3e0fd,1-Control,GH,StudyPortal,english,Android,Europe,Mobile
view,8ab1e096-cbf3-4484-bacd-01a833e3e0fd,1-Control,GH,StudyPortal,english,Android,Europe,Mobile
view,8ab1e096-cbf3-4484-bacd-01a833e3e0fd,1-Control,GH,StudyPortal,english,Android,Europe,Mobile
view,8ab1e096-cbf3-4484-bacd-01a833e3e0fd,1-Control,GH,StudyPortal,english,Android,Europe,Mobile
view,8ab1e096-cbf3-4484-bacd-01a833e3e0fd,1-Control,GH,StudyPortal,english,Android,Europe,Mobile
view,8ab1e096-cbf3-4484-bacd-01a833e3e0fd,1-Control,GH,StudyPortal,english,Android,Europe,Mobile
view,8ab1e096-cbf3-4484-bacd-01a833e3e0fd,1-Control,GH,StudyPortal,english,Android,Europe,Mobile
view,8ab1e096-cbf3-4484-bacd-01a833e3e0fd,1-Control,GH,StudyPortal,english,Android,Europe,Mobile
view,8ab1e096-cbf3-4484-bacd-01a833e3e0fd,1-Control,GH,StudyPortal,english,Android,Europe,Mobile
view,8ab1e096-cbf3-4484-bacd-01a833e3e0fd,1-Control,GH,StudyPortal,english,Android,Europe,Mobile
view,8ab1e096-cbf3-4484-bacd-01a833e3e0fd,1-Control,GH,StudyPortal,english,Android,Europe,Mobile
view,898ef7a4-d066-4737-9fff-535f782b1096,2-Buttony-Conversion-Buttons,RU,Google,cyrillic,iOS,Europe,Mobile
view,898ef7a4-d066-4737-9fff-535f782b1096,2-Buttony-Conversion-Buttons,RU,Google,cyrillic,iOS,Europe,Mobile
view,c47dd796-f0ea-4e8b-82fe-5df5849c90b9,2-Buttony-Conversion-Buttons,DE,Google,latin_lan,iOS,Europe,Mobile
view,9d2989b9-cf5a-4421-9677-e02eb21213e5,2-Buttony-Conversion-Buttons,GB,StudyPortal,english,Android,Europe,Mobile
view,002fad5a-0f02-4d6f-83ee-1b497ad5dc4b,2-Buttony-Conversion-Buttons,IN,StudyPortal,english,Android,Asia,Mobile
view,fedffceb-2a17-48ca-98ab-bfed8c746bc1,1-Control,BD,Google,english,Android,Asia,Tablet
view,ec476328-261a-4d1e-ba5d-777aa094e855,1-Control,US,Google,english,iOS,America,Mobile
view,ec476328-261a-4d1e-ba5d-777aa094e855,1-Control,US,Google,english,iOS,America,Mobile
view,ec476328-261a-4d1e-ba5d-777aa094e855,1-Control,US,Google,english,iOS,America,Mobile
view,599e02dc-7a60-44a3-9f71-0996bf1d843b,2-Buttony-Conversion-Buttons,FI,Google,english,Android,Europe,Mobile
view,803912a3-e1a4-46ef-b894-61512066b75e,1-Control,GH,StudyPortal,english,Android,Europe,Mobile
view,803912a3-e1a4-46ef-b894-61512066b75e,1-Control,GH,StudyPortal,english,Android,Europe,Mobile
view,803912a3-e1a4-46ef-b894-61512066b75e,1-Control,GH,StudyPortal,english,Android,Europe,Mobile
view,803912a3-e1a4-46ef-b894-61512066b75e,1-Control,GH,StudyPortal,english,Android,Europe,Mobile
view,803912a3-e1a4-46ef-b894-61512066b75e,1-Control,GH,StudyPortal,english,Android,Europe,Mobile
view,c105c4fa-35e6-40d2-a298-aaa9c0e8679f,2-Buttony-Conversion-Buttons,GB,Google,english,iOS,Europe,Mobile
view,6f0a2915-aea6-40d7-8190-108d4bcc00c4,2-Buttony-Conversion-Buttons,US,Google,cyrillic,Android,America,Mobile
view,6f0a2915-aea6-40d7-8190-108d4bcc00c4,2-Buttony-Conversion-Buttons,US,Google,cyrillic,Android,America,Mobile
view,da043a7e-a08b-47ab-a9d7-fe21e16baaf6,2-Buttony-Conversion-Buttons,FI,StudyPortal,cyrillic,iOS,Europe,Mobile
view,e451331c-ae9b-4e2d-be69-8d4e290350cd,1-Control,GB,Google,english,iOS,Europe,Mobile
view,78237b21-39ff-4bc3-8c82-b5f7e9da2cc5,1-Control,DE,Google,latin_lan,Android,Europe,Mobile
view,8fa295f3-4157-41bb-9cff-cfe54ff7c4af,2-Buttony-Conversion-Buttons,US,Google,english,iOS,America,Mobile
view,bc5effb7-a476-414f-a62e-5479022e7553,1-Control,FI,StudyPortal,greek,Android,Europe,Mobile
view,bc5effb7-a476-414f-a62e-5479022e7553,1-Control,FI,StudyPortal,greek,Android,Europe,Mobile
clic,bc5effb7-a476-414f-a62e-5479022e7553,1-Control,FI,StudyPortal,greek,Android,Europe,Mobile
view,bc5effb7-a476-414f-a62e-5479022e7553,1-Control,FI,StudyPortal,greek,Android,Europe,Mobile
view,bc5effb7-a476-414f-a62e-5479022e7553,1-Control,FI,StudyPortal,greek,Android,Europe,Mobile
view,dd710c42-f3a0-446a-a53d-f45ca8cdc2da,2-Buttony-Conversion-Buttons,PY,Google,english,Android,America,Mobile
view,c47f060c-e2b1-4403-8e29-0fbd6aa0f121,2-Buttony-Conversion-Buttons,EG,Google,english,iOS,Africa,Mobile
view,916397b2-5d66-418b-92be-1f0509ff1f25,1-Control,GB,Google,english,iOS,Europe,Mobile
view,d0769298-6662-4deb-953f-4feb61fb399e,2-Buttony-Conversion-Buttons,FI,refr_source not available,latin_lan,Android,Europe,Tablet
view,df415a14-cc54-4585-b828-7f5f85f21406,2-Buttony-Conversion-Buttons,KZ,Google,cyrillic,iOS,Asia,Mobile
view,df415a14-cc54-4585-b828-7f5f85f21406,2-Buttony-Conversion-Buttons,KZ,Google,cyrillic,iOS,Asia,Mobile
view,3a229d7f-f866-4076-9c22-ea8b87377b22,2-Buttony-Conversion-Buttons,NG,Google,english,Android,Africa,Tablet
view,541fc0f3-9c15-4d00-b427-5f7cabe151a7,2-Buttony-Conversion-Buttons,US,refr_source not available,english,Android,America,Mobile
view,deb52be9-6714-421b-9411-9d24d3e901eb,2-Buttony-Conversion-Buttons,AZ,Google,english,iOS,Asia,Mobile
view,5707586e-f7cf-46f6-bdf6-b6b2f2b4986e,1-Control,NP,Google,english,Android,Asia,Tablet
view,9d3be1cd-9c3b-4bcb-af85-e4ccc0132c63,2-Buttony-Conversion-Buttons,NG,Google,english,Android,Africa,Mobile
view,9d3be1cd-9c3b-4bcb-af85-e4ccc0132c63,2-Buttony-Conversion-Buttons,NG,Google,english,Android,Africa,Mobile
view,d96c2a5b-1328-4ba3-9962-13b618af45de,1-Control,FI,Google,english,Android,Europe,Mobile
view,4250d71e-a294-41df-86e2-709f06be1f52,2-Buttony-Conversion-Buttons,DE,Google,english,Android,Europe,Mobile
view,99afcd85-5ab2-43a6-b899-d6fb7d7c444a,1-Control,EG,Google,english,iOS,Africa,Mobile
view,b366ea4a-f01d-4d7f-b81e-cb38de938af4,2-Buttony-Conversion-Buttons,AZ,Google,latin_lan,iOS,Asia,Mobile
view,3f8fed22-0f97-40ae-bccd-46d20167ca1b,1-Control,IN,Google,english,Android,Asia,Mobile
view,3b211217-8b28-48ff-8bf9-86463e6a989b,1-Control,DE,Google,english,iOS,Europe,Mobile
view,ae28357d-76b5-49e7-b100-2fcd71453e61,1-Control,AZ,Google,english,iOS,Europe,Mobile
view,7c251d67-fef5-4b17-930b-1cd4f096dcfb,1-Control,DE,Google,english,iOS,Europe,Mobile
view,1bf9072e-b125-4c96-926c-752ad95a00ef,1-Control,DE,Google,latin_lan,Android,Europe,Mobile
view,1bf9072e-b125-4c96-926c-752ad95a00ef,1-Control,DE,Google,latin_lan,Android,Europe,Mobile
view,baf437b1-7138-4eac-ba9c-309c4d803c52,1-Control,ET,Google,english,Android,Asia,Mobile
view,baf437b1-7138-4eac-ba9c-309c4d803c52,1-Control,ET,Google,english,Android,Asia,Mobile
view,baf437b1-7138-4eac-ba9c-309c4d803c52,1-Control,ET,Google,english,Android,Asia,Mobile
view,7da5902f-d079-44d6-99b4-324c242b5e1f,1-Control,BD,Google,english,Android,Asia,Mobile
view,bef94312-c4c2-4075-8689-e3b81590e731,1-Control,SA,StudyPortal,english,iOS,Asia,Mobile
view,bef94312-c4c2-4075-8689-e3b81590e731,1-Control,SA,StudyPortal,english,iOS,Asia,Mobile
view,8e48dc9d-ef2d-4e5b-ab21-de5f7c91bc8f,1-Control,GB,Google,english,iOS,Europe,Mobile
view,b9a3e04d-4403-4da2-add2-c36fec89afd9,2-Buttony-Conversion-Buttons,US,refr_source not available,cyrillic,iOS,Europe,Mobile
view,b4f84ddc-9388-4c54-badf-e8b2800657d7,1-Control,IL,Google,herbrew,Android,Asia,Mobile
view,9c588f07-7561-4033-a924-e4f4052bcadf,1-Control,CM,Google,english,Android,Africa,Mobile
view,266835de-40b5-4fe1-847a-a331602e1d52,1-Control,DE,Google,latin_lan,Android,Europe,Mobile
view,cfe3a346-8777-4f18-90c1-daf2331e4027,1-Control,NG,StudyPortal,english,Android,Africa,Tablet
view,28472428-de1b-4f6c-b017-8021cf6635bc,1-Control,DE,StudyPortal,cyrillic,iOS,Europe,Mobile
view,5dbd298f-1fa1-408c-b00f-bf3696ecfe33,2-Buttony-Conversion-Buttons,MX,Google,latin_lan,Android,America,Mobile
view,0e748d02-cf31-480b-9c62-dbbc8aa488e2,1-Control,GH,Google,english,Android,Europe,Mobile
view,97c733e8-c9f3-479e-9e2d-16d1473d5d89,2-Buttony-Conversion-Buttons,TN,Google,latin_lan,iOS,Africa,Mobile
view,372a7e26-bf77-471a-94a8-b41345b95712,2-Buttony-Conversion-Buttons,PK,Google,english,iOS,Asia,Mobile
view,4e0b6e58-6e52-4dec-99bd-526e179d2573,2-Buttony-Conversion-Buttons,BD,Google,english,Android,Asia,Mobile
view,686bbc9d-ca46-4bae-9973-b67dc8eafe02,2-Buttony-Conversion-Buttons,IN,refr_source not available,english,Android,Asia,Mobile
view,8ae8f765-7f02-438e-8aba-f35bfc88399e,2-Buttony-Conversion-Buttons,CM,StudyPortal,latin_lan,Android,Africa,Mobile
view,b7b13019-4e07-48aa-9bf9-47298709f421,2-Buttony-Conversion-Buttons,GB,StudyPortal,english,iOS,Europe,Mobile
view,46b3c03f-b120-442a-a3bc-2aa6ede43759,2-Buttony-Conversion-Buttons,ID,Google,asian,Android,Asia,Mobile
view,e6a44f8c-b4e2-42f1-bc4a-ec890f69ef45,1-Control,FI,Google,english,Android,Europe,Tablet
view,0ed91b33-1201-4db8-9f2f-7d3ada0a146d,2-Buttony-Conversion-Buttons,MG,Google,latin_lan,Android,Asia,Tablet
view,b4ffd74b-adeb-4c2e-b4d9-e0e5f05bd2a6,1-Control,FI,Google,english,Android,Europe,Mobile
view,cb39988c-2035-4b49-91ed-4c9d9e1d1aa7,2-Buttony-Conversion-Buttons,GB,Google,english,iOS,Europe,Mobile
view,ab5f6e33-bc4f-43a6-b37b-3e9111ed7a0b,2-Buttony-Conversion-Buttons,DE,Google,english,iOS,Europe,Mobile
view,c024e877-d7a1-459a-9935-7b458da50733,1-Control,FI,Google,latin_lan,iOS,Europe,Mobile
view,846dd683-e4d4-41e1-afd3-4630f0e278fc,1-Control,US,Google,english,Android,America,Mobile
view,f254af94-951f-4fa4-967d-4c56cba06364,2-Buttony-Conversion-Buttons,DE,Google,latin_lan,iOS,Europe,Mobile
view,cd459ce6-81df-4b84-bc41-7923422778e5,1-Control,ZA,Google,english,Android,Africa,Mobile
view,0f2b8b2d-d610-4ebe-bf07-606b08123d4b,1-Control,US,Google,english,iOS,America,Mobile
view,9a921daf-be4f-491b-b42b-f86b97c34652,2-Buttony-Conversion-Buttons,DE,Google,english,iOS,Europe,Mobile
view,4edf132d-dedd-4432-ad38-29fbd3008270,2-Buttony-Conversion-Buttons,DE,Google,latin_lan,iOS,Europe,Mobile
view,4eb076d6-be08-4153-a969-4ddaada17651,1-Control,DE,Google,latin_lan,Android,Europe,Mobile
view,fceba4b6-08ba-4db4-b782-1399eba1e158,2-Buttony-Conversion-Buttons,FI,Google,english,iOS,Europe,Mobile
view,02cca032-cdc2-4e41-87d6-9edf4c7c6706,1-Control,FI,Google,greek,Android,Europe,Mobile
view,02cca032-cdc2-4e41-87d6-9edf4c7c6706,1-Control,FI,Google,greek,Android,Europe,Mobile
view,94b73e52-ac8a-4a1e-a040-3bc1e7f42f17,1-Control,ZA,Google,english,Android,Africa,Mobile
view,f94341b0-627d-4581-9acd-b7ee284c4b2d,2-Buttony-Conversion-Buttons,RU,Yandex,english,Android,Europe,Mobile
view,765a9c30-c61f-4421-96b5-170ef7917fe5,1-Control,BD,Google,english,Android,Asia,Mobile
view,c1373072-4b44-4cfa-a2d7-de38d66f07dd,2-Buttony-Conversion-Buttons,IQ,Google,english,iOS,Asia,Mobile
view,13a8dbba-e20f-42e6-a828-038aff32a6a8,2-Buttony-Conversion-Buttons,SG,Google,english,iOS,Asia,Mobile
view,13a8dbba-e20f-42e6-a828-038aff32a6a8,2-Buttony-Conversion-Buttons,SG,Google,english,iOS,Asia,Mobile
view,13a8dbba-e20f-42e6-a828-038aff32a6a8,2-Buttony-Conversion-Buttons,SG,Google,english,iOS,Asia,Mobile
view,50d56d31-410a-459c-98ba-70c941f562b6,1-Control,DE,refr_source not available,english,iOS,Europe,Mobile
view,b7d6e075-f2f0-44ab-b50f-148f6b8e6fc2,1-Control,US,Google,english,iOS,Asia,Mobile
view,aec84415-ccbc-4335-979a-90398a56eb7d,1-Control,DE,Google,english,iOS,Europe,Mobile
view,0cae2e17-6d0e-4d39-86fd-d29910355655,1-Control,SA,refr_source not available,english,iOS,Asia,Mobile
view,cf785f22-25e7-40fc-83e3-43e32cde50ae,2-Buttony-Conversion-Buttons,DE,Google,cyrillic,iOS,Europe,Mobile
view,e260641c-cb27-4197-9d99-fb1b730a0b09,1-Control,PK,Google,english,Android,Asia,Mobile
view,275a1d7c-c4a8-483a-9204-5e2211b6f1dd,1-Control,DE,Google,english,iOS,Europe,Mobile
view,880c9ab1-8eb9-4649-b7bf-096ee7e07204,2-Buttony-Conversion-Buttons,GH,StudyPortal,english,Android,Europe,Mobile
view,3c08dd05-ce90-43d5-9520-a3459ac81bc8,2-Buttony-Conversion-Buttons,DO,Google,english,iOS,America,Mobile
view,553c9259-1221-4c08-8235-cca245efa3f6,2-Buttony-Conversion-Buttons,DE,Google,english,iOS,Europe,Mobile
view,9d7fefb4-04a0-4f64-ab4d-df7086c0c48d,2-Buttony-Conversion-Buttons,NG,StudyPortal,english,Android,Africa,Mobile
view,f3a41049-15e6-4060-af49-d317dfa7837e,2-Buttony-Conversion-Buttons,US,Google,english,iOS,America,Mobile
view,f3a41049-15e6-4060-af49-d317dfa7837e,2-Buttony-Conversion-Buttons,US,Google,english,iOS,America,Mobile
view,4688974a-48a9-416d-a6ee-a886d56ec09c,2-Buttony-Conversion-Buttons,IN,Google,english,iOS,Asia,Mobile
view,b55fb017-d329-4c1c-8e68-5b6cf5246fcf,2-Buttony-Conversion-Buttons,DZ,Google,english,Android,Africa,Mobile
view,84863eed-34c7-4f1f-a8a8-098200415539,2-Buttony-Conversion-Buttons,US,refr_source not available,english,iOS,America,Mobile
view,fdfcb96c-6a2b-436e-8f61-b0b51ec1f054,1-Control,DE,Google,english,Android,Europe,Mobile
view,2c996efd-f55e-4f30-82e0-571bdf161cb1,2-Buttony-Conversion-Buttons,DE,Google,latin_lan,iOS,Europe,Mobile
view,fe180a41-9d62-4944-acae-491e1be0898a,1-Control,IN,Google,english,Android,Asia,Mobile
view,a157fefa-793e-432b-8ee2-a8169e45a330,1-Control,LB,Google,english,iOS,Asia,Mobile
view,a157fefa-793e-432b-8ee2-a8169e45a330,1-Control,LB,Google,english,iOS,Asia,Mobile
view,9d5b0d84-bb90-4da2-ab2e-8ed7ecb77a8a,1-Control,DE,Google,english,iOS,Europe,Mobile
view,53f011dd-7020-4f3f-92bf-dbf9d8ae5c79,1-Control,GB,Google,english,iOS,Europe,Mobile
view,6c43b527-e373-40f2-af69-de4f9c3b1f43,2-Buttony-Conversion-Buttons,DE,Google,english,iOS,Europe,Mobile
view,6c6d40f1-896e-4ff8-bf57-e1ccb95c2c25,1-Control,PS,Google,english,Android,Asia,Mobile
view,6d363b15-9275-4c1e-892f-9f0ffc7e7755,2-Buttony-Conversion-Buttons,CN,refr_source not available,asian,iOS,Asia,Mobile
view,6d363b15-9275-4c1e-892f-9f0ffc7e7755,2-Buttony-Conversion-Buttons,CN,refr_source not available,asian,iOS,Asia,Mobile
view,649b3a04-1c78-4b29-ab0d-ccace9527535,2-Buttony-Conversion-Buttons,US,StudyPortal,english,Android,America,Mobile
view,f2304818-f1e5-4632-aff9-672aa39046e3,1-Control,DE,StudyPortal,english,Android,Europe,Mobile
view,12a5f559-85bf-49e7-bdf1-ddddd6eaaceb,1-Control,US,StudyPortal,english,Android,America,Mobile
view,a35dc8f7-59c6-4ee4-bd17-01d6849467b4,2-Buttony-Conversion-Buttons,US,StudyPortal,english,iOS,America,Mobile
view,818a6692-c393-44e1-820f-19c4a19be2ae,1-Control,GB,refr_source not available,english,iOS,Europe,Mobile
view,742b1dae-d239-488f-a36b-e4fe6a133041,1-Control,GB,refr_source not available,english,iOS,Europe,Mobile
view,ad5eb5f7-d50c-4a08-abee-ce29b2c57764,2-Buttony-Conversion-Buttons,DE,Google,english,Android,Europe,Mobile
view,5252d3c8-3f73-483a-a8bf-7135e6ea7bfe,1-Control,DE,Google,latin_lan,Android,Europe,Mobile
view,6d46bbbd-f3e3-4229-b656-996571698427,2-Buttony-Conversion-Buttons,DE,Google,english,iOS,Europe,Mobile
view,bb89fffa-c07c-4b69-8020-15f44bcd2753,1-Control,US,Google,latin_lan,Android,Asia,Mobile
view,ef517db1-96e4-438c-aaa8-771b0f1386b3,1-Control,BD,StudyPortal,english,Android,Asia,Mobile
view,c1a10f9f-69c6-446b-a39a-4ea869dd57d3,1-Control,PK,Google,english,iOS,Asia,Mobile
view,f1ecaa30-d574-4f26-b886-bbea93b13f4d,1-Control,IN,refr_source not available,english,iOS,Asia,Mobile
view,1c420b66-7728-4186-8378-cbb0d96ba3b9,2-Buttony-Conversion-Buttons,MX,Google,latin_lan,iOS,America,Mobile
view,a9bbeac7-eb95-465e-85b5-f68f39235143,2-Buttony-Conversion-Buttons,NG,Google,english,Android,Africa,Mobile
view,dfedab4c-c2eb-40c8-a9bc-bdf9c36b9877,2-Buttony-Conversion-Buttons,DE,Google,english,Android,Europe,Mobile
clic,dfedab4c-c2eb-40c8-a9bc-bdf9c36b9877,2-Buttony-Conversion-Buttons,DE,Google,english,Android,Europe,Mobile
view,e3fe4f60-fa4d-4e95-8adc-ac8562180765,2-Buttony-Conversion-Buttons,IN,refr_source not available,english,Android,Asia,Mobile
view,b2e70d0d-0f42-4541-b726-ac4237ca5630,2-Buttony-Conversion-Buttons,GB,Google,english,Android,Europe,Mobile
view,ba884a3b-0fca-4286-8330-1ff5dd894ce4,2-Buttony-Conversion-Buttons,FI,Google,greek,iOS,Europe,Mobile
view,ba884a3b-0fca-4286-8330-1ff5dd894ce4,2-Buttony-Conversion-Buttons,FI,Google,greek,iOS,Europe,Mobile
view,ececcc48-2ac1-4d8c-a950-8cbe76a59d1c,1-Control,IN,Google,english,Android,Asia,Tablet
view,13b6640f-b8ac-4b89-b11b-dcd89e6c9ba4,2-Buttony-Conversion-Buttons,DE,Google,latin_lan,iOS,Europe,Mobile
view,1279a694-48f1-4b24-9844-bf4d019a1200,2-Buttony-Conversion-Buttons,IN,StudyPortal,english,iOS,Asia,Mobile
view,27600dc9-a5ee-47c1-9b21-bffd6972f4e5,2-Buttony-Conversion-Buttons,DE,Google,latin_lan,iOS,Europe,Mobile
view,b3e41ed2-63de-4515-a585-5d79b54fd228,2-Buttony-Conversion-Buttons,US,Google,english,iOS,America,Mobile
view,fcf6c1de-7256-44be-a18e-d9c4ca49cad4,2-Buttony-Conversion-Buttons,LB,Google,english,iOS,Asia,Mobile
view,a135a825-a920-4e79-9fd2-8272e98e9a18,1-Control,GB,StudyPortal,english,Android,Europe,Mobile
view,74440282-e5db-4b4e-978a-6e91da043c6f,2-Buttony-Conversion-Buttons,GB,Google,english,Android,Europe,Mobile
view,f792ce3e-49c5-4b62-9da2-8f2e7f8d61dd,2-Buttony-Conversion-Buttons,ET,Google,english,Android,Asia,Mobile
view,01ebd1a4-3cf6-4cee-aca4-84713d37b079,2-Buttony-Conversion-Buttons,GB,Google,english,iOS,Europe,Mobile
view,80552599-385c-4fb4-b2cc-e9b4ae36e23a,1-Control,NG,Google,english,Android,Africa,Tablet
view,867fd25f-8e55-4db6-9209-d7096415f5d8,2-Buttony-Conversion-Buttons,FI,Google,latin_lan,Android,Europe,Mobile
view,dc35d75e-9e9d-475c-8386-cb4f83befdfb,1-Control,FI,StudyPortal,english,Android,Europe,Mobile
view,e74fc785-2ce1-4db2-98ef-af0d5b4e159c,2-Buttony-Conversion-Buttons,DE,Google,english,Android,Europe,Mobile
view,e74fc785-2ce1-4db2-98ef-af0d5b4e159c,2-Buttony-Conversion-Buttons,DE,Google,english,Android,Europe,Mobile
view,e74fc785-2ce1-4db2-98ef-af0d5b4e159c,2-Buttony-Conversion-Buttons,DE,Google,english,Android,Europe,Mobile
view,b3acd43e-c587-4e02-a757-d32d31b7045f,2-Buttony-Conversion-Buttons,FI,Google,latin_lan,iOS,Europe,Mobile
view,b3acd43e-c587-4e02-a757-d32d31b7045f,2-Buttony-Conversion-Buttons,FI,Google,latin_lan,iOS,Europe,Mobile
view,c98159b7-2939-4343-aee6-6bd0a62fc956,1-Control,GB,StudyPortal,english,Android,Europe,Mobile
view,59f11ba8-b918-42b7-8505-80934fcc9991,2-Buttony-Conversion-Buttons,DE,Google,english,iOS,Europe,Mobile
view,3b71c06d-2aef-4031-b34c-de66b39b33da,1-Control,FI,Google,greek,Android,Europe,Tablet
view,7d100d23-2ca1-42ff-b077-3cdc868db538,1-Control,AE,refr_source not available,english,Android,Asia,Tablet
clic,7d100d23-2ca1-42ff-b077-3cdc868db538,1-Control,AE,refr_source not available,english,Android,Asia,Tablet
view,01373fdd-2d5e-4e58-b859-d740ed996111,2-Buttony-Conversion-Buttons,FI,Google,english,Android,Europe,Mobile
view,081e0fd6-6385-4228-b2c9-8e90b905c076,2-Buttony-Conversion-Buttons,DE,Google,latin_lan,Android,Europe,Mobile
view,081e0fd6-6385-4228-b2c9-8e90b905c076,2-Buttony-Conversion-Buttons,DE,Google,latin_lan,Android,Europe,Mobile
clic,081e0fd6-6385-4228-b2c9-8e90b905c076,2-Buttony-Conversion-Buttons,DE,Google,latin_lan,Android,Europe,Mobile
view,27432705-820b-46ed-97bf-8a1dee592c89,2-Buttony-Conversion-Buttons,FI,Google,english,iOS,Europe,Mobile
view,27432705-820b-46ed-97bf-8a1dee592c89,2-Buttony-Conversion-Buttons,FI,Google,english,iOS,Europe,Mobile
view,51cf3663-e900-4052-8e06-7ee55e2399b2,1-Control,DE,Google,latin_lan,Android,Europe,Mobile
view,2ed38eea-8906-4fed-8598-3d7edc300360,1-Control,US,Google,english,iOS,America,Mobile
view,42942338-5481-4261-85b2-b760b12e2a87,2-Buttony-Conversion-Buttons,FI,Google,english,iOS,Europe,Mobile
view,ef57949a-b0ae-4e62-a2fa-a7a99ca10320,1-Control,CA,refr_source not available,english,iOS,America,Mobile
view,c1c8f2c7-fe48-4826-9620-4908298a1051,2-Buttony-Conversion-Buttons,IN,Google,english,Android,Asia,Mobile
view,aa8c12b1-d08a-42c3-abd1-5978620bd583,1-Control,FI,Google,greek,Android,Europe,Mobile
view,aa8c12b1-d08a-42c3-abd1-5978620bd583,1-Control,FI,Google,greek,Android,Europe,Mobile
view,aa8c12b1-d08a-42c3-abd1-5978620bd583,1-Control,FI,Google,greek,Android,Europe,Mobile
view,aa8c12b1-d08a-42c3-abd1-5978620bd583,1-Control,FI,Google,greek,Android,Europe,Mobile
view,aa8c12b1-d08a-42c3-abd1-5978620bd583,1-Control,FI,Google,greek,Android,Europe,Mobile
view,aa8c12b1-d08a-42c3-abd1-5978620bd583,1-Control,FI,Google,greek,Android,Europe,Mobile
view,aa8c12b1-d08a-42c3-abd1-5978620bd583,1-Control,FI,Google,greek,Android,Europe,Mobile
clic,65bd2a32-c302-4fa2-a602-97ed7d3832ea,2-Buttony-Conversion-Buttons,GB,Google,english,iOS,Europe,Mobile
clic,2a45fe61-b497-48fc-aad4-6a916f6aa3ff,2-Buttony-Conversion-Buttons,DE,Google,english,Android,Europe,Mobile
view,d4c30351-f5cc-4516-8660-1184054d633f,1-Control,DE,Google,english,iOS,Europe,Mobile
view,6e728cbf-41c7-456e-b4d6-1b38286423aa,1-Control,MY,Google,english,iOS,Asia,Mobile
view,fdf855b1-a574-46ae-b091-619b9e0f3061,2-Buttony-Conversion-Buttons,DE,Google,english,iOS,Europe,Mobile
view,00054fe1-4c25-4634-882a-50813fb2cd15,2-Buttony-Conversion-Buttons,FI,Google,greek,Android,Europe,Mobile
view,b1c0559a-ea90-4d00-b0ab-17dfb470946f,1-Control,RU,StudyPortal,english,Android,Europe,Mobile
view,31f95e1e-330c-441e-bb9c-a9212f3bdf28,1-Control,PK,Google,english,Android,Asia,Mobile
view,993a6010-7266-4470-a835-24d4d5a3792e,2-Buttony-Conversion-Buttons,PK,Google,english,Android,Asia,Mobile
view,6e975cef-7b21-4a1d-ab3c-4afa8287dab3,1-Control,IN,Bing,english,Other,Asia,Mobile
view,99bed3c7-15a3-4068-ba14-5cd672463b8d,2-Buttony-Conversion-Buttons,DE,Google,latin_lan,Android,Europe,Tablet
view,5e4799b9-5765-4632-9fb7-a2c30ed4346c,2-Buttony-Conversion-Buttons,DE,refr_source not available,english,Android,Europe,Mobile
view,9e3dc540-721f-4602-b207-1da2e20f0ab4,1-Control,US,Google,english,iOS,America,Mobile
view,c27107d4-7a26-4eba-8624-950abfc21863,1-Control,SA,Google,english,iOS,Asia,Mobile
view,fd042846-4209-429f-9015-8c2b05f10199,2-Buttony-Conversion-Buttons,CA,Google,english,iOS,America,Mobile
view,08cc295a-6325-43bd-b816-8528f03a1c29,2-Buttony-Conversion-Buttons,US,Google,english,Android,America,Mobile
view,b716023b-2857-44d3-bb07-09bfa4bf0853,1-Control,BD,StudyPortal,english,Android,Asia,Mobile
view,b716023b-2857-44d3-bb07-09bfa4bf0853,1-Control,BD,StudyPortal,english,Android,Asia,Mobile
view,59877962-eb68-47b1-a33c-379b62012e51,2-Buttony-Conversion-Buttons,TH,Google,asian,iOS,Asia,Mobile
view,0b135b0e-2fb4-429d-b038-21ddc38aaf7f,2-Buttony-Conversion-Buttons,AU,Google,english,iOS,Australia,Mobile
view,7a13bd87-52da-4906-a309-483ef7641639,1-Control,GB,refr_source not available,english,iOS,Europe,Mobile
view,20aa5c2b-a2ec-48b0-8eb3-e95632c294e1,1-Control,DE,Google,latin_lan,iOS,Europe,Mobile
view,50afcbdc-051b-4226-9cb3-fd920fc81ddd,2-Buttony-Conversion-Buttons,CM,StudyPortal,english,Android,Africa,Mobile
view,bb41f61b-103f-4cd7-9b71-fd5a90336cb0,2-Buttony-Conversion-Buttons,DE,Google,english,Android,Europe,Mobile
view,842c6263-523c-4485-ac60-479c975d79c9,2-Buttony-Conversion-Buttons,DE,Google,latin_lan,Android,Europe,Mobile
view,c00e9fbd-c0d3-4fcf-91fb-8635b8314159,2-Buttony-Conversion-Buttons,AE,refr_source not available,english,Android,Asia,Mobile
clic,c00e9fbd-c0d3-4fcf-91fb-8635b8314159,2-Buttony-Conversion-Buttons,AE,refr_source not available,english,Android,Asia,Mobile
view,4f4c2e1d-0f41-4584-9990-cb4144a5529c,1-Control,DE,Google,cyrillic,iOS,Europe,Mobile
view,38d22373-d0ac-4f13-81f8-5bdf217af9ee,1-Control,KR,StudyPortal,english,Android,Asia,Mobile
view,6f9a02b5-5cc5-41fb-ac59-050386f2f6db,1-Control,NG,Google,english,iOS,Africa,Mobile
view,3a75559d-aaa3-45fd-b064-021e07a69df5,2-Buttony-Conversion-Buttons,DE,StudyPortal,latin_lan,Android,Europe,Mobile
view,f3e468b4-1cbd-447e-8e80-bfc8a8f4fa0c,1-Control,LB,Google,english,Android,Asia,Mobile
view,93788675-f134-4096-a771-b63d757388aa,2-Buttony-Conversion-Buttons,HN,StudyPortal,english,iOS,America,Mobile
view,2bf82421-054a-4a3d-998c-913f54090b1e,2-Buttony-Conversion-Buttons,GB,Google,english,Android,Europe,Mobile
view,f0c3ffbd-5a8d-42e1-ae99-536a40c33ce3,2-Buttony-Conversion-Buttons,GH,Google,english,iOS,Europe,Mobile
view,2935f5d6-06bd-47b3-aa81-29bf00014744,1-Control,TZ,StudyPortal,english,Android,Asia,Mobile
view,ead885cc-32c9-4950-90cd-7b949c80e8c9,1-Control,GB,Google,english,Android,Europe,Mobile
view,84cbaa39-1f1d-4da3-895c-2966d43d3297,2-Buttony-Conversion-Buttons,DE,Google,english,Android,Europe,Mobile
view,6427d64c-f8d6-4f2d-b9ff-e2d18e73b724,2-Buttony-Conversion-Buttons,GH,Google,english,Android,Europe,Mobile
view,8176cae4-7995-4548-a447-9bee54459631,1-Control,BD,Google,english,Android,Asia,Mobile
view,8176cae4-7995-4548-a447-9bee54459631,1-Control,BD,Google,english,Android,Asia,Mobile
view,856498bf-e080-4b3d-9fec-72b22192f55e,2-Buttony-Conversion-Buttons,FI,Google,latin_lan,Android,Europe,Mobile
view,fb1b34de-37b0-42d1-8eef-5ff389f62c5b,1-Control,ID,Google,asian,Android,Asia,Mobile
view,1d48e63d-1884-402a-a52f-5338fbe2e490,2-Buttony-Conversion-Buttons,KR,StudyPortal,asian,Android,Asia,Mobile
view,67f670ec-b562-41e7-b8a6-b199a9bcef0e,2-Buttony-Conversion-Buttons,GB,Google,english,iOS,Europe,Mobile
view,9025c169-37af-4f76-954b-a95fbb542c1b,2-Buttony-Conversion-Buttons,PK,Google,english,Android,Asia,Mobile
view,71184b15-8a6b-4486-b3cc-2315fc396b94,1-Control,IN,StudyPortal,english,Android,Asia,Mobile
view,d3e6b0b7-a8de-48f5-b8c2-0c7fa5dd01c0,1-Control,IN,StudyPortal,english,Android,Asia,Mobile
view,1f8f7e5d-066d-4f51-8e9f-1600d56017b0,2-Buttony-Conversion-Buttons,DE,Google,english,Android,Europe,Mobile
view,0e438c24-cec4-499c-be35-aa2a84c9e509,2-Buttony-Conversion-Buttons,DE,Google,latin_lan,iOS,Europe,Mobile
view,1c06d2ac-4970-43cd-8b12-d4b8e4c569dd,1-Control,MM,Google,english,Android,Asia,Tablet
view,f0f9fb36-facf-4692-a586-e91687470a8d,2-Buttony-Conversion-Buttons,GM,Google,english,iOS,Europe,Mobile
view,c081f651-d89f-4204-b10e-4704f4f5c5ed,1-Control,FI,Google,cyrillic,Android,Europe,Mobile
clic,38745308-7324-472f-85d5-dc546aa4d8b5,2-Buttony-Conversion-Buttons,IN,Google,english,Android,Asia,Mobile
clic,ca647f2c-04e6-48df-87be-74d17e857d8a,1-Control,SA,Google,english,Android,Asia,Tablet
clic,ff46cd79-b474-46d9-a156-65b74c942988,2-Buttony-Conversion-Buttons,DE,Google,english,Android,Europe,Mobile
view,ff46cd79-b474-46d9-a156-65b74c942988,2-Buttony-Conversion-Buttons,DE,Google,english,Android,Europe,Mobile
clic,28d83c98-f35b-4de0-a4c0-819bcb1c3f35,2-Buttony-Conversion-Buttons,BD,Google,english,iOS,Asia,Mobile
clic,9744d975-7d2d-4ddc-9fd2-ccd7bbf00371,1-Control,TW,Google,asian,iOS,Asia,Mobile
clic,58c72cee-1f21-4ad4-8e1b-035528d94f52,2-Buttony-Conversion-Buttons,FI,StudyPortal,english,Android,Europe,Mobile
view,58c72cee-1f21-4ad4-8e1b-035528d94f52,2-Buttony-Conversion-Buttons,FI,StudyPortal,english,Android,Europe,Mobile
view,58c72cee-1f21-4ad4-8e1b-035528d94f52,2-Buttony-Conversion-Buttons,FI,StudyPortal,english,Android,Europe,Mobile
clic,98919525-badc-430f-ad50-07dee3a2ecc4,2-Buttony-Conversion-Buttons,GB,Google,english,Android,Europe,Mobile
clic,c7f3656c-c06a-4a08-a668-b2cd81ef2b8c,2-Buttony-Conversion-Buttons,NG,Google,english,Android,Africa,Mobile
view,c7f3656c-c06a-4a08-a668-b2cd81ef2b8c,2-Buttony-Conversion-Buttons,NG,Google,english,Android,Africa,Mobile
clic,0a47f8a7-a8d5-4013-9c5d-2a7a09c53e0c,1-Control,DE,Google,english,iOS,Europe,Mobile
view,0a47f8a7-a8d5-4013-9c5d-2a7a09c53e0c,1-Control,DE,Google,english,iOS,Europe,Mobile
clic,cf667de2-ffac-4f24-a39d-8f71c73d9a81,2-Buttony-Conversion-Buttons,GB,refr_source not available,english,Android,Europe,Mobile
clic,113f841d-4e29-475b-a078-5fc239186e75,1-Control,DE,Google,latin_lan,iOS,Europe,Mobile
clic,2a39f626-955c-430d-af83-31ac0134d6c9,2-Buttony-Conversion-Buttons,GH,Google,english,Android,Europe,Mobile
view,2a39f626-955c-430d-af83-31ac0134d6c9,2-Buttony-Conversion-Buttons,GH,Google,english,Android,Europe,Mobile
clic,007f8a0c-e8ad-4268-a818-eaf0723aecba,2-Buttony-Conversion-Buttons,DE,refr_source not available,english,Android,Europe,Mobile
view,007f8a0c-e8ad-4268-a818-eaf0723aecba,2-Buttony-Conversion-Buttons,DE,refr_source not available,english,Android,Europe,Mobile
clic,dc31f32c-c93a-4d51-ab3c-4352f3909ad1,2-Buttony-Conversion-Buttons,AE,Google,english,Android,Asia,Mobile
view,dc31f32c-c93a-4d51-ab3c-4352f3909ad1,2-Buttony-Conversion-Buttons,AE,Google,english,Android,Asia,Mobile
clic,1f924913-f572-49e2-b34d-20dbfffba4bd,2-Buttony-Conversion-Buttons,IN,Google,english,Android,Asia,Mobile
view,1f924913-f572-49e2-b34d-20dbfffba4bd,2-Buttony-Conversion-Buttons,IN,Google,english,Android,Asia,Mobile
clic,e2e4b45c-a2c7-42e6-a67a-6ee6d695edf7,2-Buttony-Conversion-Buttons,DO,StudyPortal,english,Android,America,Mobile
clic,1f336e8c-d658-4656-bd87-aae8995e2725,2-Buttony-Conversion-Buttons,GM,StudyPortal,english,Other,Europe,Mobile
clic,13803de7-4d41-4170-8ae3-ff21a06acd69,1-Control,DE,refr_source not available,latin_lan,iOS,Europe,Mobile
view,13803de7-4d41-4170-8ae3-ff21a06acd69,1-Control,DE,refr_source not available,latin_lan,iOS,Europe,Mobile
clic,0bd16e9d-3928-4822-9d5d-7b229ed6329c,2-Buttony-Conversion-Buttons,DE,Google,latin_lan,iOS,Europe,Mobile
view,0bd16e9d-3928-4822-9d5d-7b229ed6329c,2-Buttony-Conversion-Buttons,DE,Google,latin_lan,iOS,Europe,Mobile
clic,b279ce8c-e649-4d4f-bded-5dcdbd47c598,2-Buttony-Conversion-Buttons,NP,StudyPortal,english,Android,Asia,Mobile
clic,a6a7e6a9-4c27-4a9b-91d1-e5cfa69e6329,1-Control,PH,refr_source not available,english,Android,Asia,Mobile
clic,e06a2f41-1ca1-429b-9522-4e3d2b718dfb,2-Buttony-Conversion-Buttons,JP,StudyPortal,asian,Android,Asia,Mobile
clic,2661ef3f-d45a-4601-b204-0832b3cc0ee6,2-Buttony-Conversion-Buttons,IN,Google,english,Android,Asia,Mobile
view,2661ef3f-d45a-4601-b204-0832b3cc0ee6,2-Buttony-Conversion-Buttons,IN,Google,english,Android,Asia,Mobile
clic,ab32d523-82b1-4871-92a2-dbc37a76a25c,1-Control,EC,Google,latin_lan,iOS,America,Mobile
view,ab32d523-82b1-4871-92a2-dbc37a76a25c,1-Control,EC,Google,latin_lan,iOS,America,Mobile
clic,27a225cb-b48d-418f-8ee2-d1851ac366c0,1-Control,RU,Google,english,iOS,Europe,Mobile
clic,27a225cb-b48d-418f-8ee2-d1851ac366c0,1-Control,RU,Google,english,iOS,Europe,Mobile
clic,d7f3dea1-e01e-46ae-8b8b-35ba1059e438,1-Control,GB,Google,english,iOS,Europe,Mobile
view,d7f3dea1-e01e-46ae-8b8b-35ba1059e438,1-Control,GB,Google,english,iOS,Europe,Mobile
clic,25962410-b48b-459c-84c0-5db165a0c114,2-Buttony-Conversion-Buttons,US,StudyPortal,english,Android,America,Mobile
clic,12c8eb2b-52b2-4acd-bf60-e22a144f6a9a,2-Buttony-Conversion-Buttons,GB,Google,english,Android,Europe,Mobile
clic,311fd90f-6077-4498-816a-3c475c822b2e,2-Buttony-Conversion-Buttons,DE,Google,english,iOS,Europe,Mobile
clic,94650bc8-8be5-4c5e-b4ef-bab26f6e23a9,2-Buttony-Conversion-Buttons,NG,Google,english,Android,Africa,Tablet
clic,6d8be1f6-8fa3-4f3b-a243-ff04b5a49a7c,1-Control,DE,Google,english,Android,Europe,Tablet
clic,17928495-7a0c-4461-98f8-0e3af8996904,2-Buttony-Conversion-Buttons,GB,Google,english,Android,Europe,Mobile
clic,17928495-7a0c-4461-98f8-0e3af8996904,2-Buttony-Conversion-Buttons,GB,Google,english,Android,Europe,Mobile
clic,59eac864-bf0c-439e-8928-baff6d750678,1-Control,LB,StudyPortal,english,iOS,Asia,Mobile
view,1d019631-3784-432c-b725-e89d92b48ec5,2-Buttony-Conversion-Buttons,DE,Google,english,iOS,Europe,Mobile
view,0abb4ede-9684-4513-9181-a6d7753dad1b,1-Control,PK,Google,english,iOS,Asia,Mobile
view,481b45af-658f-42f6-916f-5962f286f5dd,2-Buttony-Conversion-Buttons,NG,Google,english,Android,Africa,Mobile
view,46e5256b-ee7f-4f56-871d-9292a726d400,1-Control,US,Google,english,Android,America,Mobile
view,79bb9b5c-cc1b-4c2e-9bc9-cedccf6b6c62,1-Control,AE,Google,english,Android,Asia,Mobile
view,255c872d-09e0-4a57-a091-6cd4090df4c4,1-Control,IN,Google,english,Android,Asia,Mobile
view,9d8364fe-7598-4a02-b2da-8eba1405923c,2-Buttony-Conversion-Buttons,FI,Google,latin_lan,Android,Europe,Tablet
view,b09c3eed-b12d-457b-90d1-5407c3dc2c93,1-Control,DE,Google,english,iOS,Europe,Mobile
view,fd7278b5-eddc-47de-8e65-9b0f84882cc5,2-Buttony-Conversion-Buttons,NG,Google,english,Android,Africa,Mobile
view,fd7278b5-eddc-47de-8e65-9b0f84882cc5,2-Buttony-Conversion-Buttons,NG,Google,english,Android,Africa,Mobile
view,016c62da-6c6c-4699-8035-9c75bb48519b,2-Buttony-Conversion-Buttons,SA,Google,english,iOS,Asia,Mobile
view,c310e36c-7baa-401e-aa78-415349abe7eb,2-Buttony-Conversion-Buttons,PK,Google,english,Android,Asia,Mobile
view,2aee35c0-6bb3-4415-801e-9bc326da80e6,1-Control,EG,Google,english,Android,Africa,Mobile
view,cf09e9a6-5e09-4cfe-bc03-12cfe5a77e3d,1-Control,IN,Google,english,Android,Asia,Mobile
view,4755daca-0538-44ff-a1d2-7a2dd5121a6b,1-Control,MN,Google,english,Android,Asia,Mobile
view,3e89c007-036d-487f-8ed7-6504435ae071,1-Control,BD,StudyPortal,english,Android,Asia,Mobile
view,b040db37-ded4-4b14-83be-1761e9b55fa9,2-Buttony-Conversion-Buttons,NG,StudyPortal,english,Android,Africa,Mobile
view,dbd839ba-10ea-4982-a452-34d423f5dd17,1-Control,AE,StudyPortal,english,Android,Asia,Mobile
view,9c914ff0-c89e-4428-9575-770939e3f116,2-Buttony-Conversion-Buttons,IN,Google,english,Android,Asia,Mobile
view,fbe2c3d3-bdfe-4db4-bda7-f1076451ac46,1-Control,GB,refr_source not available,english,iOS,Europe,Mobile
view,d9f34dbc-fc9f-4a0e-84d7-23ae12e15ed8,1-Control,IN,Google,english,iOS,Asia,Mobile
view,a85a10f7-2eb2-428e-8906-2e76042d7c01,2-Buttony-Conversion-Buttons,DE,StudyPortal,english,Android,Europe,Mobile
view,b57e23be-972f-4a02-9f24-a0d8d99a8163,2-Buttony-Conversion-Buttons,SA,StudyPortal,english,iOS,Asia,Mobile
view,54c356f6-eac0-4ae2-875c-5ec535c62b75,2-Buttony-Conversion-Buttons,PK,Google,english,iOS,Asia,Mobile
view,7c999518-f53b-4167-b267-8baa81ab0be3,2-Buttony-Conversion-Buttons,GH,StudyPortal,english,Android,Europe,Mobile
view,7c999518-f53b-4167-b267-8baa81ab0be3,2-Buttony-Conversion-Buttons,GH,StudyPortal,english,Android,Europe,Mobile
view,3360c663-9938-45b1-9140-b05a23cb5f7f,1-Control,PK,Google,english,Android,Asia,Mobile
view,c1a38a57-ac0f-4c47-b83f-0ab51a883091,1-Control,NG,StudyPortal,english,Android,Africa,Mobile
view,27615ce1-2698-4a60-b35c-7dd0a33fe9e0,2-Buttony-Conversion-Buttons,DO,Google,english,Android,America,Mobile
view,84ac8e14-abc1-4f12-a2f0-05de70afc2d8,2-Buttony-Conversion-Buttons,US,StudyPortal,cyrillic,iOS,America,Mobile
view,3602f4f4-6f8e-4037-a16e-94f8e50b3516,1-Control,IN,StudyPortal,english,iOS,Asia,Mobile
view,72c2a3c2-51f1-4232-9327-2c0d6d2b302f,1-Control,AE,Google,english,Android,Asia,Mobile
view,3d4f81ec-cf0a-4264-83a2-4381999fa761,1-Control,DE,Google,english,iOS,Europe,Mobile
view,14e7e114-c5e1-4a0b-ba33-95fb5827c2e6,1-Control,LB,Google,english,Android,Asia,Mobile
view,a49897ef-3941-4f57-9f2e-a1755158b33c,1-Control,FI,Google,latin_lan,iOS,Europe,Mobile
view,72c38d81-19a1-4f8f-9f0d-cc53e401ab2c,2-Buttony-Conversion-Buttons,DE,refr_source not available,latin_lan,iOS,Europe,Mobile
view,13f86d50-e5c2-495a-9163-b02e35771270,2-Buttony-Conversion-Buttons,FI,Google,english,Android,Europe,Mobile
view,f56701ae-f84e-4996-8caf-9ceb4b056529,2-Buttony-Conversion-Buttons,FI,Google,english,Android,Europe,Mobile
view,640483fb-7188-48a1-879f-bae23dca4891,2-Buttony-Conversion-Buttons,JP,StudyPortal,english,iOS,Asia,Mobile
view,e9e70256-73af-47cb-9dde-5b270f3ccde8,2-Buttony-Conversion-Buttons,US,refr_source not available,english,Android,America,Mobile
view,71f9f0b8-3e31-4c57-a59f-14e0fba7e199,1-Control,GB,refr_source not available,english,iOS,Europe,Mobile
view,74871587-2449-46c4-85ce-825727e6d124,1-Control,EG,DuckDuckGo,english,iOS,Africa,Mobile
view,e1da05cb-c35d-479d-b967-2986020c83f4,2-Buttony-Conversion-Buttons,EG,StudyPortal,english,Android,Africa,Mobile
view,7c9c9ec9-ebf5-4159-88fe-c35613759fe7,2-Buttony-Conversion-Buttons,US,Google,english,iOS,America,Mobile
view,f20581ad-0706-4bac-9808-3f0e88f6e473,2-Buttony-Conversion-Buttons,TN,Google,latin_lan,Android,Africa,Mobile
view,7d5d6393-19f5-4fd9-b4df-d08d625ec519,2-Buttony-Conversion-Buttons,FI,Google,english,Android,Europe,Mobile
view,02a5eaee-ea8d-452e-93ff-45d8927ef221,1-Control,VN,refr_source not available,asian,Android,Asia,Mobile
view,a973864e-e901-4dee-8ae4-1eae5df5c95a,2-Buttony-Conversion-Buttons,GH,Google,english,Android,Europe,Mobile
view,3f3f8a3b-6a2c-4243-8106-72128c6be87e,2-Buttony-Conversion-Buttons,NG,Google,english,iOS,Africa,Mobile
view,57fe2821-47f2-46d5-ad55-a879fb561651,2-Buttony-Conversion-Buttons,NG,Google,english,Android,Africa,Mobile
view,457da798-782c-4598-b855-de7371dc302d,2-Buttony-Conversion-Buttons,DE,Google,english,iOS,Europe,Mobile
view,457da798-782c-4598-b855-de7371dc302d,2-Buttony-Conversion-Buttons,DE,Google,english,iOS,Europe,Mobile
view,491ee523-4777-44eb-a81d-ab8358787e8b,2-Buttony-Conversion-Buttons,DE,Google,english,iOS,Europe,Mobile
view,491ee523-4777-44eb-a81d-ab8358787e8b,2-Buttony-Conversion-Buttons,DE,Google,english,iOS,Europe,Mobile
view,6c29bb67-d40a-4aa3-9bb1-fe644ffc6608,2-Buttony-Conversion-Buttons,NG,Google,english,Android,Africa,Tablet
view,4d787892-750c-4eb0-9ffb-abd804ad4731,2-Buttony-Conversion-Buttons,MY,StudyPortal,english,Android,Asia,Mobile
view,80cf04a8-1bd9-4033-b5bb-30d71b96086d,1-Control,GB,Google,english,iOS,Europe,Mobile
view,21926476-c400-4113-8520-385ecad7dcac,2-Buttony-Conversion-Buttons,GH,refr_source not available,english,Android,Europe,Mobile
view,85be1f89-87c2-4d8a-84d7-1a298f80067d,1-Control,HT,StudyPortal,latin_lan,Android,America,Mobile
view,85be1f89-87c2-4d8a-84d7-1a298f80067d,1-Control,HT,StudyPortal,latin_lan,Android,America,Mobile
view,85be1f89-87c2-4d8a-84d7-1a298f80067d,1-Control,HT,StudyPortal,latin_lan,Android,America,Mobile
view,f5d890b9-f2de-46ce-97e2-f39c48b6db82,2-Buttony-Conversion-Buttons,GB,Google,english,iOS,Europe,Mobile
view,31e968ac-8c6d-43c2-88f6-4c263605bf97,1-Control,GB,Google,english,iOS,Europe,Mobile
view,4c52d322-435c-48ab-8bbb-29a396dd2d1b,2-Buttony-Conversion-Buttons,DE,Google,english,iOS,Europe,Mobile
view,b1be3e61-1fc9-49f5-aec6-fc8eb25d449e,1-Control,NG,Google,english,Android,Africa,Mobile
view,4d2af2f2-32e2-4b78-91fb-adc8b636466e,1-Control,IN,Google,english,Android,Asia,Mobile
view,37080b7a-f5b3-47eb-90c4-223d52b57f81,1-Control,AE,Google,english,Android,Asia,Mobile
view,37080b7a-f5b3-47eb-90c4-223d52b57f81,1-Control,AE,Google,english,Android,Asia,Mobile
view,4b14f4bd-3b2c-471e-a2c6-145349902f8f,1-Control,LB,refr_source not available,english,iOS,Asia,Mobile
view,956569a0-6f11-450d-9ff5-cb443d163556,2-Buttony-Conversion-Buttons,US,Google,english,Android,America,Mobile
view,956569a0-6f11-450d-9ff5-cb443d163556,2-Buttony-Conversion-Buttons,US,Google,english,Android,America,Mobile
view,4b99d327-84a6-4b96-9513-0ebbd208a2f5,2-Buttony-Conversion-Buttons,GH,Google,english,Android,Europe,Mobile
view,a697e2d2-d1cf-48b3-8de0-3d4a96f677a2,2-Buttony-Conversion-Buttons,IN,Google,english,Android,Asia,Mobile
view,039753c0-70fd-4906-858a-80bf0896f6e0,1-Control,SA,Google,english,iOS,Asia,Mobile
view,12664a7e-7ace-46c9-b19a-5cd036aaa948,1-Control,GB,Google,english,iOS,Europe,Mobile
view,6bc6da42-4879-44b8-a81f-c9a4f4290beb,1-Control,PK,Google,english,Android,Asia,Mobile
view,3a6e3bd1-9c05-447c-a8e0-e69a529fbe15,1-Control,GB,Google,english,Android,Europe,Mobile
view,23d20eee-74ae-47bc-a501-d89743bfc700,1-Control,GH,StudyPortal,english,iOS,Europe,Mobile
view,23d20eee-74ae-47bc-a501-d89743bfc700,1-Control,GH,StudyPortal,english,iOS,Europe,Mobile
view,f3b5d083-07d7-491a-b999-01352afa2870,1-Control,GB,Google,english,Android,Europe,Mobile
view,07ed74dd-4db7-4a31-aa5d-a24ad80bc01d,1-Control,DE,Google,english,Android,Europe,Mobile
view,07ed74dd-4db7-4a31-aa5d-a24ad80bc01d,1-Control,DE,Google,english,Android,Europe,Mobile
view,cf0d5d87-fd46-4701-b50c-922b11364a7e,1-Control,DE,StudyPortal,english,Android,Europe,Mobile
view,2e4e0322-0d54-4597-b8b7-1176de7136eb,1-Control,US,StudyPortal,english,iOS,America,Mobile
view,e0e7d665-7f1a-4d6b-8f74-74491fedfc68,2-Buttony-Conversion-Buttons,IN,Google,english,iOS,Asia,Mobile
view,7388034d-a6ab-426d-8dec-5737569bfe3b,1-Control,AE,StudyPortal,english,Android,Asia,Mobile
view,db1614eb-2557-486f-827f-ee26448f56ec,1-Control,IN,Google,english,Android,Asia,Mobile
view,d9c05dfa-726b-4e33-93f2-f4e25d29a4b3,1-Control,MM,refr_source not available,english,Android,Asia,Mobile
view,578c7a69-8f4d-48a8-82d8-2ca2b83e2d9c,1-Control,PE,Google,latin_lan,Android,America,Mobile
view,454c7b41-b015-400c-ab4f-0f6b098fcfcc,1-Control,NG,Google,english,iOS,Africa,Mobile
view,2eb9f141-374b-4aa7-8f45-9dea21783361,1-Control,GB,Google,latin_lan,Android,Europe,Mobile
view,6a552327-3258-4c9a-8602-78ee7e639757,1-Control,NG,Google,english,Android,Africa,Mobile
view,b1db7cbb-cc4e-403e-93e1-eae2ac0addfd,1-Control,IN,Google,english,Android,Asia,Mobile
view,80363181-74c7-46ad-a97b-204ea1c33925,2-Buttony-Conversion-Buttons,EG,Google,english,Android,Africa,Mobile
view,b3c4ea3f-62ad-46ea-a2cb-ecda4ec79214,2-Buttony-Conversion-Buttons,DE,Google,latin_lan,iOS,Europe,Mobile
view,0682d99f-e983-42c9-86fb-45697750d09a,1-Control,NG,Google,english,iOS,Africa,Mobile
view,e345bf56-6c0b-44ad-a640-ce853f2d9208,1-Control,GB,StudyPortal,latin_lan,Android,Europe,Mobile
view,747aa272-be99-45db-ac93-5f1e90824c1c,2-Buttony-Conversion-Buttons,FI,Google,latin_lan,iOS,Europe,Mobile
view,47c3f3e9-9f2b-48fc-bf02-0cd10a59af7b,1-Control,IN,Google,english,Android,Asia,Mobile
view,b7e661cc-3c8f-4eb8-8d4e-c8152b003792,1-Control,BY,refr_source not available,english,Android,Europe,Mobile
view,c38cc938-6b6d-4a08-b3aa-58c5d2521610,1-Control,CN,StudyPortal,asian,Android,Asia,Mobile
view,3800947e-54a7-48e4-ae8d-6c0f8bc57130,1-Control,IN,Google,english,Android,Asia,Mobile
view,574619bd-2198-47e3-ad9e-6cd8ff3551d5,1-Control,DE,Google,latin_lan,iOS,Europe,Mobile
view,0fa51454-089f-465b-8128-81cfeb33f6f5,2-Buttony-Conversion-Buttons,GB,Google,english,Android,Europe,Tablet
view,d9c16e28-f5be-44f5-a63c-e42b12aee10c,2-Buttony-Conversion-Buttons,CN,refr_source not available,asian,iOS,Asia,Mobile
view,29976888-be0b-405c-a7e3-f98ac7f1e0a8,1-Control,PK,Facebook,english,Android,Asia,Mobile
view,f66d3f75-361c-4fb1-9c50-d1df14cb8687,1-Control,PH,Google,english,iOS,Asia,Mobile
view,f66d3f75-361c-4fb1-9c50-d1df14cb8687,1-Control,PH,Google,english,iOS,Asia,Mobile
view,838780a6-5401-46a0-b072-2c08a86962c4,1-Control,DE,Google,english,iOS,Europe,Mobile
view,edb26e32-ef4a-481e-adf8-ba21a7b5868b,2-Buttony-Conversion-Buttons,DE,Google,english,iOS,Europe,Mobile
view,06eb6e95-b4bc-4728-9663-a9391b84e734,2-Buttony-Conversion-Buttons,FI,Google,latin_lan,iOS,Europe,Mobile
view,9d1fe57f-5625-4964-9557-71e7d2c38f98,2-Buttony-Conversion-Buttons,IN,Google,english,Android,Asia,Mobile
view,9d1fe57f-5625-4964-9557-71e7d2c38f98,2-Buttony-Conversion-Buttons,IN,Google,english,Android,Asia,Mobile
view,9d1fe57f-5625-4964-9557-71e7d2c38f98,2-Buttony-Conversion-Buttons,IN,Google,english,Android,Asia,Mobile
view,5a7a8202-334a-4c2f-b6d0-feff8352bf95,1-Control,DE,Google,asian,Android,Europe,Mobile
view,5a7a8202-334a-4c2f-b6d0-feff8352bf95,1-Control,DE,Google,asian,Android,Europe,Mobile
view,2b07f159-5468-42d2-978d-893bc138409e,2-Buttony-Conversion-Buttons,PK,Google,english,iOS,Asia,Mobile
view,af1df9b7-27ea-4f56-a426-76758e09c342,1-Control,GB,Google,latin_lan,Android,Europe,Mobile
view,d7712e3d-eca6-4ed6-a361-d34e5d1c8ab0,1-Control,US,Google,english,iOS,America,Mobile
view,22dcceba-7e97-4905-9cb8-ee84ade15817,1-Control,IN,Google,english,iOS,Asia,Mobile
view,fdba10de-44a2-4966-a1e3-dc8dac0338f8,1-Control,US,Google,latin_lan,iOS,Asia,Mobile
view,b0a4233c-8874-4ec7-a74a-2a8ff65ac226,1-Control,EG,refr_source not available,english,iOS,Africa,Mobile
view,2aa67414-3f58-4257-b659-e7fc9b317c80,1-Control,FI,Google,latin_lan,Android,Europe,Mobile
view,062f67ae-a1c3-435f-b343-0de9f30d8bad,2-Buttony-Conversion-Buttons,ID,Google,english,Android,Asia,Mobile
view,1c26472e-b973-4c8a-9261-bd0bfe429b7d,2-Buttony-Conversion-Buttons,RU,Google,cyrillic,Android,Asia,Tablet
view,86265a5e-e175-4bdb-a0a2-640bf58e19f7,2-Buttony-Conversion-Buttons,DE,Google,english,iOS,Europe,Mobile
view,86265a5e-e175-4bdb-a0a2-640bf58e19f7,2-Buttony-Conversion-Buttons,DE,Google,english,iOS,Europe,Mobile
view,4f0114e2-c960-4a73-8aa8-2eccf24785d4,1-Control,IN,Google,english,Android,Asia,Mobile
view,a58c16b9-c29b-4c3b-9d1f-1eff8a864ccc,1-Control,IN,Google,english,Android,Asia,Mobile
view,ec12d3ca-a9d3-40fb-a2d5-8e047e21678e,1-Control,DE,Google,english,iOS,Europe,Mobile
view,ec12d3ca-a9d3-40fb-a2d5-8e047e21678e,1-Control,DE,Google,english,iOS,Europe,Mobile
view,bc8da96c-be65-4568-84ff-824b3f724f6c,1-Control,NG,Google,english,iOS,Africa,Mobile
view,6d50b777-6982-46a2-ac30-fa516d1d87a5,2-Buttony-Conversion-Buttons,NG,Google,english,Android,Africa,Mobile
view,6d50b777-6982-46a2-ac30-fa516d1d87a5,2-Buttony-Conversion-Buttons,NG,Google,english,Android,Africa,Mobile
view,fe7664a6-dda0-4a1c-9a6a-8ae2c1aa9ecb,2-Buttony-Conversion-Buttons,GB,Google,english,iOS,Europe,Mobile
view,5974791d-3bdf-4285-a53f-647933d7fea2,1-Control,TD,StudyPortal,latin_lan,Android,Africa,Mobile
view,fb1e73e8-1aea-4532-89c3-97b46b156bb1,2-Buttony-Conversion-Buttons,GH,StudyPortal,english,iOS,Europe,Mobile
view,531a78f3-6ebf-4632-875e-0d5e1165b0dd,2-Buttony-Conversion-Buttons,NG,Google,english,Android,Africa,Mobile
view,531a78f3-6ebf-4632-875e-0d5e1165b0dd,2-Buttony-Conversion-Buttons,NG,Google,english,Android,Africa,Mobile
view,22412dc8-1903-4808-9c37-99e05fbc6472,1-Control,BD,StudyPortal,english,iOS,Asia,Mobile
view,89f79d29-8310-4485-bbc3-75af269679b9,1-Control,BD,Google,english,Android,Asia,Mobile
view,0dab6547-b6e0-48ca-957a-c9a800e9c323,1-Control,LB,Google,english,iOS,Asia,Mobile
view,32aaf184-9323-441b-8c73-8b713369a7f4,2-Buttony-Conversion-Buttons,DE,Google,latin_lan,iOS,Europe,Mobile
view,e6e3f29e-c26c-41fb-9156-bc371a5e98c5,1-Control,DE,StudyPortal,english,iOS,Europe,Mobile
view,91981c0f-5ddb-4e96-8c41-ba3a9471583f,1-Control,GB,Google,english,iOS,Europe,Mobile
view,1d8534be-e5ff-4f06-9cb4-dfa7c832324d,2-Buttony-Conversion-Buttons,NG,StudyPortal,english,Other,Africa,Mobile
view,b450d12c-1279-4586-bf59-bb779a2d16bc,2-Buttony-Conversion-Buttons,US,Google,english,iOS,America,Mobile
view,3f059863-8ae7-4a14-846b-073092848f50,1-Control,FI,Google,latin_lan,iOS,Europe,Mobile
view,2364ab6d-49c4-47fd-839f-1204ab948da0,1-Control,PK,Google,english,iOS,America,Mobile
view,e65f6977-f18d-405f-8deb-27cb8263a509,1-Control,CA,Google,english,iOS,America,Mobile
view,01d09bd7-a2d1-4f55-8d6d-2537e48d5a76,1-Control,HK,Google,english,iOS,Asia,Mobile
view,a8edc494-b3ca-48be-bc82-c225550c770b,1-Control,TW,Google,english,Android,Asia,Mobile
view,6545f3de-9177-45c9-a437-3501b5968007,1-Control,US,refr_source not available,english,Android,America,Mobile
view,de7c5e8c-1f89-4f58-b8ee-f0d7ebdf20ec,2-Buttony-Conversion-Buttons,GB,refr_source not available,english,iOS,Europe,Mobile
view,a3a99ac6-7e33-484c-873a-fca05e47e6d3,2-Buttony-Conversion-Buttons,DE,Google,latin_lan,iOS,Europe,Mobile
view,31d992f8-ae66-44f0-801a-7edfbd361a7f,2-Buttony-Conversion-Buttons,GB,Google,english,Android,Europe,Mobile
view,97a69f22-1067-4ff2-a621-92915e4c7209,2-Buttony-Conversion-Buttons,FI,Google,greek,iOS,Europe,Mobile
view,d619e276-776b-4d50-b4c2-233a8c4f7f21,1-Control,SA,Google,english,iOS,Asia,Mobile
view,a4d54ac1-171f-47b5-8ade-e0585af28f9e,2-Buttony-Conversion-Buttons,US,Google,english,Android,America,Mobile
view,a216e473-6031-4a60-88e2-f8e7c8cbe077,2-Buttony-Conversion-Buttons,US,Google,english,Android,America,Mobile
view,ce5bee86-97e2-4ae4-b893-605df5d6e037,1-Control,NG,Google,english,Android,Africa,Mobile
view,0e63bc3d-0b07-44d3-88d0-0750b66a8d04,1-Control,GB,Google,english,iOS,Europe,Mobile
view,279fbc9c-0103-47e9-8565-9b113e5803f1,2-Buttony-Conversion-Buttons,NP,Google,english,Android,Asia,Mobile
view,4ef7df81-a3fd-4669-8614-9f366c0f9315,2-Buttony-Conversion-Buttons,US,Google,english,iOS,America,Mobile
view,2cad6223-2489-4fd4-a3a6-9360c78502e4,1-Control,DE,Google,latin_lan,iOS,Europe,Mobile
view,b17ea957-ce2d-4be7-afe7-afa67bf77901,2-Buttony-Conversion-Buttons,FI,Google,latin_lan,Android,Europe,Mobile
view,bccdd18c-352f-4336-a44a-917d8fa17681,2-Buttony-Conversion-Buttons,GB,Google,english,iOS,Europe,Mobile
view,bc92ca34-569e-4f11-a592-6399112729f4,1-Control,IN,Google,english,Android,Asia,Mobile
view,31ffa3e2-3c88-48f0-a3d4-a120cd761421,2-Buttony-Conversion-Buttons,LB,Google,english,Android,Asia,Mobile
view,2091dc40-c2e9-4b7c-88f5-10a4cff41779,2-Buttony-Conversion-Buttons,UY,Google,latin_lan,Android,America,Mobile
view,4102c072-649c-4869-b7ca-d2339215c4f4,2-Buttony-Conversion-Buttons,FI,StudyPortal,latin_lan,Android,Europe,Mobile
view,4102c072-649c-4869-b7ca-d2339215c4f4,2-Buttony-Conversion-Buttons,FI,StudyPortal,latin_lan,Android,Europe,Mobile
view,7c7cdd6f-5f96-411e-84ea-5f922a6fe300,1-Control,RU,Google,cyrillic,Android,Europe,Tablet
view,3b53557f-f205-4ae2-a9cc-3ace20c3713c,2-Buttony-Conversion-Buttons,DE,Google,english,Android,Europe,Mobile
view,d979ee9f-4feb-4efd-9c3a-b7d7b76a4944,2-Buttony-Conversion-Buttons,GH,Google,english,Android,Europe,Mobile
view,4e9a99e1-41aa-4205-998f-b613b45e25f7,1-Control,RU,Google,cyrillic,iOS,Europe,Mobile
view,09713d11-9a9e-4ee2-ac9c-b86915fa4a2c,2-Buttony-Conversion-Buttons,ZA,StudyPortal,english,iOS,Africa,Mobile
view,cb07cf15-ffda-457a-ba41-bf657648f704,1-Control,DE,Google,latin_lan,Android,Europe,Mobile
view,20255232-def1-444b-b162-900a3c80c6e3,2-Buttony-Conversion-Buttons,US,Google,english,iOS,America,Mobile
view,249b7454-3cce-4015-acb1-ec35ba9ea0bb,1-Control,US,StudyPortal,english,iOS,America,Mobile
view,4d1bc5fa-c9dd-43b9-818d-ab1ec10a6af6,1-Control,NG,Google,english,Other,Africa,Mobile
view,3907d11d-e06d-4068-ad0b-09b059717750,1-Control,BD,Google,english,Android,Asia,Mobile
view,fe92a59f-9a10-422c-a000-850643ca2a51,2-Buttony-Conversion-Buttons,GB,refr_source not available,english,iOS,Europe,Mobile
view,e7d02985-edc1-44bc-84ae-c2278a16d6b4,1-Control,SA,Google,english,iOS,Asia,Mobile
view,e16e279c-bd52-4d6d-ab5d-0d6a6c243bce,2-Buttony-Conversion-Buttons,DE,Google,english,iOS,Europe,Mobile
view,1f9efe17-943c-4543-bede-ffd03d7916e4,2-Buttony-Conversion-Buttons,IN,StudyPortal,english,Android,Asia,Mobile
view,18c0c373-0495-471d-a20b-4e4357574b3f,2-Buttony-Conversion-Buttons,FI,refr_source not available,latin_lan,iOS,Europe,Mobile
view,60eaef23-3b7c-41d4-9aba-779008b6a61e,1-Control,NI,Google,latin_lan,Android,America,Mobile
view,180d82e6-839c-4657-aace-864d2c80a7da,1-Control,HK,StudyPortal,english,Android,Asia,Mobile
view,6272ee07-810f-49ca-b409-c23dc9e2f8ca,2-Buttony-Conversion-Buttons,SG,Google,english,iOS,Asia,Mobile
view,65ee8a62-e8c1-48e4-ab05-b11025813116,1-Control,FI,Google,cyrillic,Android,Europe,Mobile
view,8a879c17-8d21-4f6e-a9dd-096bc8913c3e,2-Buttony-Conversion-Buttons,DE,Google,english,Android,Europe,Mobile
view,683631ab-7432-44ff-b091-081a57a77498,2-Buttony-Conversion-Buttons,BY,Google,english,iOS,Europe,Mobile
view,adcd0ab0-8b07-4a38-9e17-8b9c924cba5d,2-Buttony-Conversion-Buttons,US,Google,english,Android,America,Mobile
view,88c2577f-2a96-4fed-80c5-9d95963df0fd,2-Buttony-Conversion-Buttons,NG,Google,english,Android,Africa,Mobile
view,5f2ee819-317a-48a1-8988-4301aab82925,2-Buttony-Conversion-Buttons,US,Google,english,iOS,America,Mobile
view,c865b7e2-8f3f-43be-9cd4-e6b62b3488a9,1-Control,DE,Google,latin_lan,Android,Europe,Mobile
view,8e6095a9-5236-485b-bbe1-c21a7e653fc1,1-Control,GB,Google,english,iOS,Europe,Mobile
view,fe7d8872-faf6-4ec4-8d7a-ee95dc828e6a,2-Buttony-Conversion-Buttons,IN,Google,english,Android,Asia,Mobile
view,20eb7867-bf40-4d1b-b6ea-4af7a3bf54ea,2-Buttony-Conversion-Buttons,NP,Google,english,Android,Asia,Mobile
view,23fee395-e4ac-45db-804d-c63deda9a49a,2-Buttony-Conversion-Buttons,CA,Google,english,iOS,America,Mobile
view,3987a00c-35ed-4795-99c1-ff83baf475c6,1-Control,TH,StudyPortal,english,Android,Asia,Mobile
view,53d7a619-a408-4fbb-8f5b-fcaf2ff82a06,2-Buttony-Conversion-Buttons,US,Google,english,iOS,America,Mobile
view,d2cd2929-efcd-475e-b4bd-1e935a3aa552,2-Buttony-Conversion-Buttons,US,refr_source not available,english,Android,America,Mobile
view,b330f592-0c9f-4a1b-a78f-25f4269f960c,1-Control,GB,refr_source not available,english,iOS,Europe,Mobile
view,fca1e594-a70e-46e3-9c35-48d41ac83da6,2-Buttony-Conversion-Buttons,KG,Google,english,iOS,Asia,Mobile
view,5999c251-2899-490e-8dd5-17f418d182e5,1-Control,PK,Google,cyrillic,Android,Asia,Mobile
view,ef93a57e-2537-4556-bdf3-96b060b1d7c0,2-Buttony-Conversion-Buttons,SG,Google,english,iOS,Asia,Mobile
view,d82a77fa-938d-46e2-b2e1-9591d77de9c4,1-Control,FI,Google,greek,Android,Europe,Tablet
view,09833955-23f4-4a80-962b-33d8b2d39e9a,1-Control,EG,Google,english,iOS,Africa,Mobile
view,777d172b-689b-4ea8-b0d0-bb7f920a2f76,1-Control,US,Google,english,iOS,America,Mobile
view,ea9dfbf7-1271-478f-be88-2050ba2ffb00,1-Control,NG,Google,english,iOS,Africa,Mobile
view,1a538146-e74d-467d-be4d-d6d9345e7fe8,2-Buttony-Conversion-Buttons,DE,Google,english,Android,Europe,Mobile
view,0fa74143-cade-4d46-a65b-423f61fcb70c,1-Control,DE,Google,english,Android,Europe,Mobile
view,bf556abf-f423-4164-9ed3-e38c0c703429,2-Buttony-Conversion-Buttons,NG,Google,english,Other,Africa,Mobile
view,538d4ef6-aaad-457c-a3db-4193424400cf,2-Buttony-Conversion-Buttons,EG,Google,english,iOS,Africa,Mobile
view,57fa9c3d-234c-4479-b633-71945d33fdac,2-Buttony-Conversion-Buttons,US,Google,english,Android,America,Tablet
view,f4435ea2-6095-425e-b441-a37ca2068b68,2-Buttony-Conversion-Buttons,GB,Google,english,iOS,Europe,Mobile
view,e1d71511-62fe-49f3-8c98-cbbc8c86be75,2-Buttony-Conversion-Buttons,BH,Google,english,iOS,Asia,Mobile
view,941a990d-7163-4496-87cb-cfc9664864dd,1-Control,US,StudyPortal,english,iOS,America,Mobile
view,1d73e84d-0eeb-47d7-8a0c-ee5df188814b,2-Buttony-Conversion-Buttons,US,Google,english,iOS,America,Mobile
view,4b03af7f-92a5-484f-bcb4-d9fad7763bee,2-Buttony-Conversion-Buttons,TW,Google,asian,Android,Asia,Mobile
view,3b0e059c-1281-4ff3-a258-8feded8549ce,1-Control,US,Google,english,Android,Asia,Mobile
view,d6fdb5ea-b25d-4b71-bcd9-2f57c9f446a7,1-Control,AU,Google,english,iOS,Australia,Mobile
view,1f989a4e-dc55-459d-8070-2447f168f6be,1-Control,RU,Google,english,iOS,Europe,Mobile
view,85eb6a7d-25d8-461d-ad0c-1a17d7ec8561,1-Control,FI,StudyPortal,cyrillic,Android,Europe,Mobile
view,1b155c10-bf25-4297-a0b0-896f426c9c02,1-Control,NG,refr_source not available,english,Android,Africa,Mobile
view,1796597d-cb0f-47cd-bd3a-c594912adeb0,2-Buttony-Conversion-Buttons,ZA,StudyPortal,english,iOS,Africa,Mobile
view,3b14e93b-339c-4215-a65f-dba6d4402bdb,1-Control,DE,Google,english,Android,Europe,Mobile
view,75735f6d-d257-4bc7-9973-2915860d0842,1-Control,IN,Google,english,Android,Asia,Mobile
view,164bac45-7516-4665-8933-deeafc6ea48e,2-Buttony-Conversion-Buttons,AU,Google,asian,iOS,Australia,Mobile
view,3ed5181c-5c0c-42a4-88e3-395880a9d323,2-Buttony-Conversion-Buttons,IN,Google,english,Android,Asia,Mobile
view,23d71af7-2aea-4ff9-920a-8726b1fc7394,1-Control,RU,Google,english,iOS,Europe,Mobile
view,6415040c-20c5-4a9c-87a7-7e93fb3ae77e,2-Buttony-Conversion-Buttons,DE,StudyPortal,english,iOS,Europe,Mobile
view,e2307f8f-ac7a-41ce-87a0-b802c8a9770d,2-Buttony-Conversion-Buttons,FI,Google,cyrillic,iOS,Europe,Mobile
view,a83864cf-c1ff-4250-b6fb-f8385fed521f,1-Control,PK,Google,english,Android,Asia,Mobile
view,c68f4a63-9a27-4861-a002-0372644d5c87,2-Buttony-Conversion-Buttons,IN,Google,english,Android,Asia,Mobile
view,c4e56863-d4ec-4dc5-8eef-a7991efcdbbd,2-Buttony-Conversion-Buttons,GB,Yahoo,english,iOS,Europe,Mobile
view,37ca44be-737e-4dde-9987-6b146a8823d6,2-Buttony-Conversion-Buttons,PY,Google,english,Android,America,Mobile
view,37ca44be-737e-4dde-9987-6b146a8823d6,2-Buttony-Conversion-Buttons,PY,Google,english,Android,America,Mobile
view,06f9f0fb-a8bf-4723-8cfa-de74f0c3ced6,1-Control,FI,Google,latin_lan,Android,Europe,Mobile
view,13810883-4a6f-40e1-8a30-7717a68c3119,2-Buttony-Conversion-Buttons,DE,Google,latin_lan,iOS,Europe,Mobile
view,52396c68-048a-411f-babf-0a5bc7cec8e7,1-Control,KE,refr_source not available,english,Android,Asia,Mobile
view,2f8695e8-1375-4bb0-ac48-c79123ae1b29,1-Control,US,Google,english,Android,America,Mobile
view,16675ea1-66d8-43ea-8587-44503e2c328a,2-Buttony-Conversion-Buttons,DE,Google,latin_lan,Android,Europe,Tablet
view,0110a0fc-89a1-4fe1-88bb-71ae32a59fbe,2-Buttony-Conversion-Buttons,CO,Google,latin_lan,Android,America,Mobile
view,d726ae74-83e4-4f02-bc2a-9b5c8641c989,1-Control,DE,Google,english,iOS,Europe,Mobile
view,e2e2d7c1-9731-4869-a44f-ea8d41f390e5,1-Control,US,Google,english,Android,America,Mobile
view,1b145994-6aed-41b5-b2e4-7cf63f30911c,1-Control,AU,Google,english,iOS,Australia,Mobile
view,35add438-d4aa-44dc-b8f9-744357dd193a,1-Control,NG,Google,english,Android,Africa,Tablet
view,8e1e1fb6-a1c8-4088-9edb-adab44f85803,1-Control,ZA,Google,english,Android,Africa,Mobile
view,f71a32ea-545a-4218-86f4-a7352f6a319d,1-Control,NG,refr_source not available,english,Android,Africa,Mobile
view,0798cf46-621f-454f-a0a1-562c1714ac9d,1-Control,US,refr_source not available,english,Android,America,Mobile
view,893400b0-76bb-435c-b12a-f8c38a22c588,2-Buttony-Conversion-Buttons,GB,refr_source not available,english,iOS,Europe,Mobile
view,6605994d-823e-4db0-a125-440174a4f8b0,2-Buttony-Conversion-Buttons,GB,Google,english,Android,Europe,Mobile
view,bf4d905c-d90a-4f72-86e2-8de0838ac974,2-Buttony-Conversion-Buttons,DE,Google,english,iOS,Europe,Mobile
view,cbc0b486-d129-4470-8382-eb7406ff1626,1-Control,DE,StudyPortal,latin_lan,Android,Europe,Mobile
view,8b55dc39-cb3d-4822-a549-7cf5a7cf61e4,2-Buttony-Conversion-Buttons,IN,Google,english,Android,Asia,Mobile
view,7d0b7ab5-b483-45c6-a3a2-882c4766e90b,1-Control,DE,StudyPortal,latin_lan,iOS,Europe,Mobile
view,ca7b95ee-1ad7-4118-b646-b896eb9290c8,2-Buttony-Conversion-Buttons,DE,Google,greek,iOS,Europe,Mobile
view,8216042c-08c1-423c-a076-14cca1b6c81e,2-Buttony-Conversion-Buttons,FI,StudyPortal,latin_lan,iOS,Europe,Mobile
view,bd2a3b95-d3be-437d-affd-0ecdb51214d7,2-Buttony-Conversion-Buttons,ZA,StudyPortal,english,Android,Africa,Tablet
view,1b724b20-a30c-4d7b-8eb3-a66cce6affc7,2-Buttony-Conversion-Buttons,JP,Google,english,Android,Asia,Mobile
view,e9b58927-d80a-43fb-b944-ac5c9918e089,2-Buttony-Conversion-Buttons,GB,Google,english,Android,Europe,Mobile
view,be223f32-e8e0-4ed4-a7a2-8351f0f8ffc8,1-Control,EG,refr_source not available,english,iOS,Africa,Mobile
view,67331d2b-002b-43a3-820c-b6cfbf2c9fa1,1-Control,EG,Google,english,iOS,Africa,Mobile
view,384a360e-7112-4af2-8fe8-f4b62db8a9d3,2-Buttony-Conversion-Buttons,BR,Google,english,iOS,America,Mobile
view,4b07bcee-511f-45bf-bf22-9585c304f77a,1-Control,FI,Vkontakte,cyrillic,Android,Europe,Mobile
view,a005a012-7859-48e9-a47a-9d3f49f0bdcb,1-Control,DE,Google,latin_lan,Android,Europe,Mobile
view,f3518537-e557-4898-9a61-6578fc0cf8db,2-Buttony-Conversion-Buttons,CO,Google,latin_lan,iOS,America,Mobile
view,5c763b0a-3a19-48a5-9d2f-2d6ed58a0cee,1-Control,DE,Google,latin_lan,Android,Europe,Mobile
view,5c763b0a-3a19-48a5-9d2f-2d6ed58a0cee,1-Control,DE,Google,latin_lan,Android,Europe,Mobile
view,f8e07c5f-e3c7-4eff-842b-f97659586d7d,1-Control,GH,Google,english,Android,Europe,Mobile
view,dbba074b-b50c-4701-8fe6-b0a9771bb755,1-Control,GB,Google,latin_lan,iOS,Europe,Mobile
view,c426e94b-84e0-474c-b5ab-4e13da0a1cae,2-Buttony-Conversion-Buttons,AU,Google,english,iOS,Asia,Mobile
view,3b6d10bb-9d6d-4c4e-849b-a4eb327848cf,2-Buttony-Conversion-Buttons,CA,Google,english,Android,America,Mobile
view,8b317ed5-8f80-4e85-9199-23e0b2c3c5b4,1-Control,US,StudyPortal,english,Android,America,Mobile
clic,7ff3b5fa-65a0-4690-896f-8257e9e124bd,2-Buttony-Conversion-Buttons,JP,Yahoo,asian,iOS,Asia,Mobile
view,d4b62fc9-dead-441f-936a-db08c2711a1e,2-Buttony-Conversion-Buttons,DE,Google,english,iOS,Europe,Mobile
view,9e3bec7c-fda3-42d0-9abb-4ce4d5e31907,2-Buttony-Conversion-Buttons,FI,Google,greek,Android,Europe,Mobile
view,d78f4ec7-af3c-4761-9b03-755489488df1,1-Control,US,refr_source not available,english,Android,America,Mobile
view,3451e681-717a-458d-b3c5-fe1c1154168f,1-Control,GB,Google,english,Android,Europe,Mobile
view,ff9efbd6-62e1-41b4-a8d3-cccd26147030,1-Control,LB,Google,english,iOS,Asia,Mobile
view,bc6a2f29-6a4d-4146-84d7-cd0a1a8aa7e4,2-Buttony-Conversion-Buttons,DO,Google,english,Android,America,Mobile
view,6d1a831c-eb0d-4e76-aada-a81ba29b7e25,2-Buttony-Conversion-Buttons,US,Google,english,iOS,America,Mobile
view,c113e5b1-0ca9-429e-9a42-5c24eff4d3dd,2-Buttony-Conversion-Buttons,DE,Google,latin_lan,iOS,Europe,Mobile
view,bfe5c4e6-4318-4748-b2b1-161017f47520,2-Buttony-Conversion-Buttons,NG,StudyPortal,english,Android,Africa,Mobile
view,7c1c50cf-eb86-4bca-85e1-010ab72e4e23,2-Buttony-Conversion-Buttons,DE,Google,latin_lan,iOS,Europe,Mobile
view,31ee9d6b-7dc5-4e68-8de6-32f5b75e9415,2-Buttony-Conversion-Buttons,TZ,Google,english,Android,Asia,Mobile
view,52806374-c2b6-4bf8-87f7-7d14913070eb,2-Buttony-Conversion-Buttons,GB,Google,english,iOS,Europe,Mobile
view,584a0544-2158-4134-b4ad-796d3b90f815,2-Buttony-Conversion-Buttons,IL,Google,herbrew,iOS,Asia,Mobile
view,c6081fc8-1592-4130-9210-ea36aba2f9af,2-Buttony-Conversion-Buttons,AE,Google,english,iOS,Asia,Mobile
view,3e0d767a-e3e5-44a6-a33e-516c230c97a4,1-Control,PK,Google,english,Android,Asia,Mobile
view,89949863-7645-4358-84ad-d64081f8e2c1,1-Control,DE,Google,english,Android,Europe,Mobile
view,72c6ae8b-ad2b-4203-b9cf-5cb6297fec08,1-Control,NG,StudyPortal,english,Android,Africa,Mobile
view,5d82777d-8b78-47c9-9250-284d466d97f3,1-Control,FI,Google,greek,Android,Europe,Tablet
view,3e889a6d-5f47-4544-9264-11042468e74d,1-Control,DE,StudyPortal,english,iOS,Europe,Mobile
view,675394b1-18ec-4413-a0b3-40a89b0e5fc5,2-Buttony-Conversion-Buttons,VN,refr_source not available,asian,Android,Asia,Mobile
view,0b717232-edb5-4fa0-ad71-e8a03237f747,1-Control,DE,Google,english,iOS,Europe,Mobile
view,3193068e-4a59-4a71-a24d-bb55e2fb1ee6,1-Control,DE,Google,latin_lan,Android,Europe,Mobile
view,e53537f3-5c17-4f4a-8cde-2d06857686cf,1-Control,US,Google,english,iOS,America,Mobile
view,614286a8-f8dc-4400-9ea7-e576aa7cd664,2-Buttony-Conversion-Buttons,DE,Google,latin_lan,Android,Europe,Mobile
view,6fd181d5-6184-4b16-9306-b6930d1f8e95,1-Control,TH,Google,english,iOS,Asia,Mobile
view,cf403333-421c-43cb-88cb-0b0203208d47,2-Buttony-Conversion-Buttons,DE,Google,latin_lan,iOS,Europe,Mobile
view,2f6287a6-541d-4b2e-a255-e85b5b82448c,1-Control,GH,Google,english,iOS,Europe,Mobile
view,0f296532-2f91-48fb-8bab-2771d0e20b23,2-Buttony-Conversion-Buttons,EG,Google,english,Android,Africa,Tablet
view,92df49b2-a26c-411b-8a5f-6702cbad4af9,1-Control,HR,refr_source not available,latin_lan,Android,America,Mobile
view,b631f78b-9b12-4d43-b6e0-8676823e9b9a,2-Buttony-Conversion-Buttons,FI,Google,english,Android,Europe,Mobile
view,fca62b6a-9088-42bb-9823-f459e625c7b6,1-Control,FI,Google,english,iOS,Europe,Mobile
view,b59af50c-6a03-4d53-96c2-85c9b1f74c6c,1-Control,IN,Google,english,Android,Asia,Mobile
view,b2d785f0-e436-4dec-a5b3-b94fd6215c5b,2-Buttony-Conversion-Buttons,LB,Google,english,iOS,Asia,Mobile
view,eaea4902-75eb-43f5-8ad8-84bd52b39b82,1-Control,DE,Google,latin_lan,iOS,Europe,Mobile
view,228b27eb-3fda-43f5-9900-ebb1750322dd,2-Buttony-Conversion-Buttons,IQ,Google,english,iOS,Asia,Mobile
view,6f92ffea-3a76-4bce-b4d1-1ef4f031b113,2-Buttony-Conversion-Buttons,DE,Google,latin_lan,iOS,Europe,Mobile
view,a7ef1ae7-1677-46ea-8526-d87a1adb9f72,1-Control,DE,Google,latin_lan,Android,Europe,Mobile
view,4eec4e67-28a0-4787-bd3e-adc9dca6daa3,1-Control,NP,Google,english,Android,Asia,Mobile
view,da861428-20c2-474b-a579-c3e0c15d0c20,2-Buttony-Conversion-Buttons,MM,Google,english,Android,Asia,Mobile
view,f47216f5-134d-4617-8bcf-a43ecefdfe21,1-Control,MY,Google,english,iOS,Asia,Mobile
view,c8f7e31f-164e-4609-adb4-5e8482c12bbf,1-Control,LB,Google,latin_lan,Android,Asia,Mobile
view,bd5f1e50-b223-4ddc-9aef-0bec9abed627,2-Buttony-Conversion-Buttons,DE,refr_source not available,latin_lan,iOS,Europe,Mobile
view,75211224-e321-4761-a0d5-887585f4a4e7,1-Control,SG,Google,english,Android,Asia,Mobile
view,d755987e-6762-4b35-9bfa-a8fa348d2b07,1-Control,IN,Google,english,Android,Asia,Mobile
view,9e50d2bc-9085-49e6-9cea-b8a9cd2bd23c,1-Control,FI,Google,english,Android,Europe,Mobile
view,7916258b-03d8-405d-8bed-28fe4ce7c8be,1-Control,HT,Google,latin_lan,iOS,America,Mobile
view,334de4c1-cd27-4aae-b579-ecbb1964991b,2-Buttony-Conversion-Buttons,DE,Google,latin_lan,iOS,Europe,Mobile
view,84152b79-a73d-42b8-bea6-b5362becdef6,1-Control,DE,StudyPortal,english,iOS,Europe,Mobile
view,3fc784dd-e059-44fc-a819-caea86746f52,2-Buttony-Conversion-Buttons,GH,refr_source not available,english,Android,Europe,Mobile
view,3fc784dd-e059-44fc-a819-caea86746f52,2-Buttony-Conversion-Buttons,GH,refr_source not available,english,Android,Europe,Mobile
view,f1de370b-41f8-49a7-9c45-97f668c9efe0,2-Buttony-Conversion-Buttons,US,Google,english,Android,America,Mobile
view,5e5d61cc-3f05-4597-863c-15ddec142602,2-Buttony-Conversion-Buttons,US,Google,english,iOS,America,Mobile
view,f17e3bd1-7bfe-487b-8d20-f0cf28eb508b,1-Control,DO,Google,english,Android,America,Tablet
view,232b6349-73cd-4509-8f36-f718ecfb26df,1-Control,ID,Google,english,iOS,Asia,Mobile
view,6371ed50-005e-464d-a3db-7e22209d7569,2-Buttony-Conversion-Buttons,DE,Google,english,iOS,Europe,Mobile
view,696d93dd-b298-4795-9dab-4d4a35379a62,1-Control,IN,Bing,english,Other,Asia,Mobile
view,ee64c015-6a7d-45af-94d1-f3bcbb8320ed,1-Control,IN,Google,english,Android,Asia,Mobile
view,01136add-0b16-4dab-80af-8e5a1819b5fb,2-Buttony-Conversion-Buttons,NG,StudyPortal,english,Android,Africa,Mobile
view,16d719ab-5f43-4608-bcfe-4069765b89a4,2-Buttony-Conversion-Buttons,DE,Google,english,iOS,Europe,Mobile
view,40669848-9093-40c8-a5cb-18b23908ad55,1-Control,SA,Google,english,iOS,Asia,Mobile
view,e3de96cd-e156-4a10-a997-be4f74b0d13a,1-Control,LB,Google,english,Android,Asia,Mobile
view,0a139a8e-50a8-4543-b616-a60d68c52718,2-Buttony-Conversion-Buttons,KW,Google,english,iOS,Asia,Mobile
view,6cc17e8b-357d-416c-8b81-2dc0060356ee,1-Control,US,Google,english,iOS,America,Mobile
view,087bcf32-1234-4c85-9011-c47394cec335,1-Control,GB,Everyclick,english,Android,Europe,Mobile
view,548469cc-ccc2-46a5-b631-b0e3a69912a1,1-Control,GU,Google,english,iOS,Australia,Mobile
view,c117c84f-e808-4f49-8314-08a767317bc8,1-Control,KZ,Facebook,english,iOS,Asia,Mobile
view,deaed2fd-68f1-4bbc-82e8-e2e35169d85f,2-Buttony-Conversion-Buttons,IN,Google,english,iOS,Asia,Mobile
view,d807b145-1c8d-4066-af64-89cc06fbe1f4,2-Buttony-Conversion-Buttons,US,refr_source not available,english,Android,America,Mobile
view,db8d6dff-8f56-4c5a-99d9-767320b94cab,2-Buttony-Conversion-Buttons,DE,Google,english,Android,Europe,Tablet
view,83507747-0cc7-4d1d-9294-70a6b3ac6e9f,2-Buttony-Conversion-Buttons,GB,StudyPortal,english,iOS,Europe,Mobile
view,39555d71-4916-41a2-b983-9912e6c2fd1b,1-Control,DE,Google,cyrillic,iOS,Europe,Mobile
view,756ab167-af43-46f1-ba5f-bd92cd161ff6,2-Buttony-Conversion-Buttons,FI,Google,latin_lan,Android,Europe,Mobile
view,6eedbbde-930c-4d83-95ce-8a2c0c694a80,2-Buttony-Conversion-Buttons,GH,StudyPortal,english,Android,Europe,Mobile
view,4822d20e-01b6-497d-bc34-d70be0162919,1-Control,GH,Google,english,Android,Europe,Mobile
view,38f1fdef-7bff-4a2d-80af-2469f6f8e4f4,1-Control,PK,Google,english,Android,Asia,Mobile
view,78cecf93-aa2c-4769-ba7b-945f2718ee07,1-Control,JP,StudyPortal,english,iOS,Asia,Mobile
view,858b156e-c1f2-404c-a740-e627087473fd,1-Control,SA,Google,english,Android,Asia,Mobile
view,0bb47181-0d1f-4370-8e06-075f52a32ce2,1-Control,DE,Google,latin_lan,iOS,Europe,Mobile
view,b2fa86af-7c80-41ad-a5ba-958ce04c2265,2-Buttony-Conversion-Buttons,SG,Yahoo,english,iOS,Asia,Mobile
view,f2662c3e-5c26-4f15-8523-c986b1e265fd,2-Buttony-Conversion-Buttons,DE,Google,english,iOS,Europe,Mobile
view,6c1f740b-e072-4a99-a2d7-53e328e28bcb,2-Buttony-Conversion-Buttons,FI,Google,english,Android,Europe,Mobile
view,6c1f740b-e072-4a99-a2d7-53e328e28bcb,2-Buttony-Conversion-Buttons,FI,Google,english,Android,Europe,Mobile
view,cfa22856-4152-4ea8-855f-540b9b183266,2-Buttony-Conversion-Buttons,GB,Google,english,Android,Europe,Mobile
view,376171dc-87bd-4bd4-98fd-aec245f44800,2-Buttony-Conversion-Buttons,PK,Google,english,Android,Asia,Mobile
view,47a7f21f-4a16-4d11-acc9-446254f7fa6c,1-Control,GB,Google,english,iOS,Europe,Mobile
view,2af1121a-cb2b-4fd7-b9f0-e8813852704d,1-Control,AE,Google,latin_lan,iOS,Asia,Mobile
view,65900d8d-0ce9-4ece-89bd-6f973645ce61,2-Buttony-Conversion-Buttons,CA,StudyPortal,english,iOS,America,Mobile
view,5fd3df15-2e29-4eab-b1e9-3814e1b713a0,1-Control,MY,Google,english,Android,Asia,Tablet
view,3b2ea270-758a-4324-9349-83421b71b87e,1-Control,IN,Google,english,Android,Asia,Mobile
view,65e594b3-658d-4727-a18e-22b3bcc5b5e4,1-Control,BD,Google,english,Android,Asia,Tablet
view,2959b138-85dc-4251-92b9-bd559929c03c,1-Control,IN,Google,english,Android,Asia,Mobile
view,ee1b1a6e-121a-450e-9af5-297dc50e259a,2-Buttony-Conversion-Buttons,KE,StudyPortal,english,Android,Asia,Mobile
view,9dab2e1e-1ab4-440d-bb05-0674d44e5fb7,2-Buttony-Conversion-Buttons,DE,Google,english,iOS,Europe,Mobile
view,22d6e67d-1020-4039-861e-eb05c6235fcc,2-Buttony-Conversion-Buttons,GB,Google,english,iOS,Europe,Mobile
view,b4f4f703-7754-43d2-88b2-f508c6de7cec,2-Buttony-Conversion-Buttons,GH,Google,english,Android,Europe,Mobile
view,61c73079-32c5-4fb3-912e-54a14277fda3,2-Buttony-Conversion-Buttons,IN,Google,english,iOS,Asia,Mobile
view,2cfc1fc6-3222-458d-a68b-2a18382d3cfb,1-Control,FI,Google,greek,Android,Europe,Mobile
view,9ac081b5-9b70-4d67-9aa3-c030f2b44866,2-Buttony-Conversion-Buttons,CO,Google,english,iOS,America,Mobile
view,4dbaa5b8-5f82-4e26-8b30-036c0a0d8e3b,2-Buttony-Conversion-Buttons,PK,Google,english,Android,Asia,Mobile
view,f305417e-390e-49c0-9424-dc90f3d5ff83,1-Control,US,refr_source not available,asian,Android,Asia,Mobile
view,373f3172-bce8-4cb5-b17a-2a19375ed8dd,2-Buttony-Conversion-Buttons,IL,Google,english,iOS,Asia,Mobile
view,c210b89a-3a5d-48ae-805b-52856c8fc936,1-Control,FI,Google,greek,Android,Europe,Mobile
view,d684b0dd-cf7c-444d-ac83-4b5bbee38c1c,1-Control,NG,Google,english,Android,Africa,Mobile
view,d684b0dd-cf7c-444d-ac83-4b5bbee38c1c,1-Control,NG,Google,english,Android,Africa,Mobile
view,5681f80f-b89c-4b56-90af-c956ea1b2923,2-Buttony-Conversion-Buttons,ZA,Google,english,iOS,Africa,Mobile
view,9f78ff3f-8aae-4744-b997-f0196c011351,2-Buttony-Conversion-Buttons,IN,Google,english,Android,Asia,Mobile
view,73c58b3e-364d-46ee-a310-bd0033f64d3f,1-Control,ID,DuckDuckGo,english,Android,Asia,Mobile
view,d73ad61f-8bda-4639-85b5-28750d37f1da,2-Buttony-Conversion-Buttons,RW,refr_source not available,english,Android,Africa,Mobile
view,70bb2129-202c-4ffe-8069-d81bd8c4b560,1-Control,NG,Google,english,Android,Africa,Mobile
view,85beea78-f8a0-4aad-8bf8-cd5f5edd6bca,1-Control,ID,Google,english,iOS,Asia,Mobile
view,f9df832c-b028-4681-b4ff-7c538320fb65,1-Control,EG,Google,english,Android,Africa,Mobile
view,1ff0c15c-ceed-49de-b4e3-c8c590b19a68,2-Buttony-Conversion-Buttons,AU,Yahoo,latin_lan,iOS,Australia,Mobile
view,6b08ebcb-dcf1-4449-8edb-4a752556b994,2-Buttony-Conversion-Buttons,EG,refr_source not available,english,iOS,Africa,Mobile
view,072502fc-971d-438d-b613-20c13d8cb9b8,2-Buttony-Conversion-Buttons,ID,Google,english,iOS,Asia,Mobile
view,7fa68749-568b-48f9-9cb9-f03cc71af742,1-Control,CA,Google,english,iOS,America,Mobile
view,6be1df4a-de17-453b-8535-75d84e913660,1-Control,DO,Google,latin_lan,Android,America,Mobile
view,4e01f68b-a948-4bed-9855-6631489d5635,1-Control,IN,Google,english,iOS,Asia,Mobile
view,a7ccbda2-3547-49ab-a789-9a1286370185,1-Control,RU,Google,english,iOS,Europe,Mobile
view,fd0b49a5-9d33-4bcc-9fe9-c0fa9cb710ba,2-Buttony-Conversion-Buttons,IN,Google,english,Android,Asia,Mobile
view,8801ef75-ef52-4460-a6cc-90810d778adc,2-Buttony-Conversion-Buttons,IN,StudyPortal,english,iOS,Asia,Mobile
view,8801ef75-ef52-4460-a6cc-90810d778adc,2-Buttony-Conversion-Buttons,IN,StudyPortal,english,iOS,Asia,Mobile
view,b061ada0-72ea-482f-b1fe-71624a534964,1-Control,GB,Google,english,iOS,Europe,Mobile
view,68fb7ebe-315c-4d46-a8ea-abb0bc3ad3d4,2-Buttony-Conversion-Buttons,RU,Google,cyrillic,Android,Europe,Mobile
view,83d0c1bf-63ab-40fe-a9ea-6ad0fd7e0a1f,1-Control,FI,Google,english,Android,Europe,Mobile
view,e60f42e1-0032-45bb-8898-90fa623f650e,1-Control,VN,refr_source not available,asian,Android,Asia,Mobile
view,db88ed93-0f2f-4a78-abb1-97014520603b,2-Buttony-Conversion-Buttons,FI,refr_source not available,cyrillic,Android,Europe,Mobile
view,6bf8ec4a-c850-4390-a649-2d0b542e7125,1-Control,SA,Google,english,iOS,Asia,Mobile
view,203f5022-4a37-4772-820a-fd766c7bb3fe,1-Control,DE,Google,english,iOS,Europe,Mobile
view,606f3912-981f-4df6-a132-9f8ada7067a7,2-Buttony-Conversion-Buttons,EG,Google,english,iOS,America,Mobile
view,f9959df4-ae14-4a88-8da8-0348baa96792,1-Control,IN,Google,english,Android,Asia,Mobile
view,f9959df4-ae14-4a88-8da8-0348baa96792,1-Control,IN,Google,english,Android,Asia,Mobile
view,ad114d6a-58fd-4055-ba32-b7b2eb74aef3,2-Buttony-Conversion-Buttons,GB,Google,english,iOS,Europe,Mobile
view,3bb2cfab-a5ac-4a8f-b217-b06ba0cd57e3,1-Control,DE,Google,latin_lan,Android,Europe,Mobile
view,6a73eace-1742-4ee8-b8bd-b12dc39eb8cf,2-Buttony-Conversion-Buttons,FI,Google,latin_lan,iOS,Europe,Mobile
view,509f4e5e-a06a-4606-87fb-6ac6ad5e9502,1-Control,DE,Google,latin_lan,iOS,Europe,Mobile
view,edf8ab00-096a-4f13-8e59-366a516bcc9c,2-Buttony-Conversion-Buttons,FI,Google,latin_lan,iOS,Europe,Mobile
view,9574c9a2-503d-42c6-8302-b24390736ec0,2-Buttony-Conversion-Buttons,FI,Google,english,iOS,Europe,Mobile
view,d7229e2b-4739-43f2-8a1b-95c126c855be,2-Buttony-Conversion-Buttons,ZA,Google,english,iOS,Africa,Mobile
view,c6312a2b-049b-47c2-b603-356749459acb,2-Buttony-Conversion-Buttons,GB,Google,english,iOS,Europe,Mobile
view,120f9022-a16f-4ec8-aaf4-38b9af723238,2-Buttony-Conversion-Buttons,PA,StudyPortal,latin_lan,Android,America,Mobile
view,ac0a39ee-4318-470e-bfca-1b2173070878,2-Buttony-Conversion-Buttons,EC,Google,english,iOS,America,Mobile
view,09c2c2c3-fc53-4c36-b9bf-4bfce1a243ab,1-Control,MY,Google,english,iOS,Asia,Mobile
view,0ed6c777-a964-4a90-9fc4-14a48b3c3276,1-Control,GB,Google,english,iOS,Europe,Mobile
view,3fc30a8d-aa00-446b-9829-abe526a27bae,2-Buttony-Conversion-Buttons,DE,Google,english,iOS,Europe,Mobile
view,e1dfa123-0104-48d4-9656-fa5bec7c4a53,2-Buttony-Conversion-Buttons,GB,Google,latin_lan,iOS,Europe,Mobile
view,2d6ab65f-e6e0-4966-825d-301933551a3a,1-Control,KE,Google,english,iOS,Asia,Mobile
view,8c989f87-f68b-4876-8e29-d7d717fa647c,2-Buttony-Conversion-Buttons,DE,Google,cyrillic,iOS,Europe,Mobile
view,b6360976-c4b1-4638-b57e-ff326dad9b9d,1-Control,AU,Google,asian,iOS,Australia,Mobile
view,9409824b-8b7a-423d-a3ba-417fe1225d71,2-Buttony-Conversion-Buttons,US,refr_source not available,english,iOS,America,Mobile
view,75b6b045-2cec-4933-913a-06fbcf3b73bb,2-Buttony-Conversion-Buttons,DE,Google,english,Android,Europe,Mobile
view,1ff4a192-9f2f-4a40-b27a-627c09069c03,2-Buttony-Conversion-Buttons,DE,Google,latin_lan,Android,Europe,Mobile
view,1ff4a192-9f2f-4a40-b27a-627c09069c03,2-Buttony-Conversion-Buttons,DE,Google,latin_lan,Android,Europe,Mobile
view,1ff4a192-9f2f-4a40-b27a-627c09069c03,2-Buttony-Conversion-Buttons,DE,Google,latin_lan,Android,Europe,Mobile
view,1ff4a192-9f2f-4a40-b27a-627c09069c03,2-Buttony-Conversion-Buttons,DE,Google,latin_lan,Android,Europe,Mobile
view,d051d857-5e01-48fa-908d-95ff993a5b36,1-Control,DE,Google,latin_lan,Android,Europe,Tablet
view,6b5685be-58e1-4d60-94a6-ab3f75cf86b4,1-Control,CM,Google,latin_lan,Android,Africa,Mobile
view,c6ffb197-3ae9-4073-ae78-a1c7f79b842d,1-Control,BD,Google,english,Android,Asia,Tablet
view,e7ca5218-a551-4713-bbb4-3da5845c1653,2-Buttony-Conversion-Buttons,DO,Google,latin_lan,iOS,America,Mobile
view,9c3ba2f7-1f23-416a-beb8-ef6741cfddb1,1-Control,IN,refr_source not available,english,Android,Asia,Mobile
view,6e4a0f3d-fcf8-4d9c-b0a9-fe99fdcedb1a,1-Control,RU,Google,cyrillic,iOS,Europe,Mobile
view,ce5b5945-727a-44a0-8df0-3a1f3fff6ede,1-Control,GB,Google,latin_lan,iOS,Europe,Mobile
view,60ccac09-fb45-4da9-8efd-1b18a3690bd1,2-Buttony-Conversion-Buttons,UG,StudyPortal,english,Android,Asia,Mobile
view,824d2bd3-12fb-4d0d-ad03-125271b21594,2-Buttony-Conversion-Buttons,DE,Google,english,Windows,Europe,Computer
view,d5b1f7b4-90d8-4759-9528-ed3ae23898ce,2-Buttony-Conversion-Buttons,GB,StudyPortal,english,Android,Europe,Mobile
view,6b6f00b6-9ab6-4a6d-b91b-74491dd17279,2-Buttony-Conversion-Buttons,DE,Google,latin_lan,Android,Europe,Mobile
view,cd034f30-584f-4bc9-be72-04f3b18c5775,1-Control,CN,refr_source not available,asian,iOS,Asia,Mobile
view,d9138a35-9c85-455c-ac2e-6efe539c9551,2-Buttony-Conversion-Buttons,AE,StudyPortal,english,iOS,Asia,Mobile
view,b462cba7-13cc-4bee-803e-854c18bbccc6,2-Buttony-Conversion-Buttons,DE,Google,latin_lan,Android,Europe,Mobile
view,5f3f94dc-4588-4918-8ccc-871a4e451e33,1-Control,AZ,Google,cyrillic,iOS,Europe,Mobile
view,34bfe770-2d11-43e8-8f86-76af2ca228f5,1-Control,CO,Google,latin_lan,iOS,America,Mobile
view,7b0394d4-6245-4173-8d2e-cbeabd88936c,2-Buttony-Conversion-Buttons,LB,Google,english,Android,Asia,Mobile
view,9a35929c-367a-4250-b5a1-e1650ca34568,1-Control,US,Google,english,iOS,America,Mobile
view,cc5e2f80-3891-491d-971b-edeb8163da30,2-Buttony-Conversion-Buttons,AE,StudyPortal,english,Android,Asia,Mobile
view,89d1da65-aeae-4209-a0b0-0790f146d1e8,2-Buttony-Conversion-Buttons,NP,Google,english,iOS,Asia,Mobile
view,e9f5a078-cd3e-4984-acbc-ef2b5a76ec51,2-Buttony-Conversion-Buttons,IN,StudyPortal,english,Android,Asia,Mobile
view,d20ea762-e13c-41eb-b2c1-dd5f1afa4e71,1-Control,BD,Google,english,Android,Asia,Mobile
view,708fe1c9-0b3c-44e8-aea9-fbe1465dc281,1-Control,GH,StudyPortal,english,Android,Europe,Mobile
view,973b4729-cb62-487f-972d-abc45bf61f5c,1-Control,FI,StudyPortal,latin_lan,iOS,Europe,Mobile
view,9cb16592-0905-440c-872d-cee7fee9d167,2-Buttony-Conversion-Buttons,DE,refr_source not available,english,iOS,Europe,Mobile
view,003e4326-ad4b-4c64-89c2-80718840fe5c,2-Buttony-Conversion-Buttons,IN,refr_source not available,english,Android,Asia,Mobile
view,0cbe569a-db91-4611-9db7-21b36af99ce1,1-Control,DE,Google,latin_lan,Android,Europe,Mobile
view,6e2a8faf-bcd4-435c-9f22-bea5f777fa57,1-Control,AE,Google,english,Android,Asia,Mobile
view,0de9500e-3eb2-4fdb-b967-99a2a79f2e4c,1-Control,IN,Google,english,Android,Asia,Mobile
view,bc6ecab6-bfb4-4501-9294-2d0002b0fd45,2-Buttony-Conversion-Buttons,PH,Google,english,Android,America,Mobile
view,486e54e3-32e6-446e-8581-9b30b2ce8827,2-Buttony-Conversion-Buttons,FI,StudyPortal,english,iOS,Europe,Mobile
view,851a135c-925d-457d-914a-838bfbd90e08,2-Buttony-Conversion-Buttons,GB,Google,english,Android,Europe,Tablet
view,b6afbb40-4940-4aa2-a5cc-a066222b5021,1-Control,NG,Google,english,iOS,Africa,Mobile
view,63452e9d-f811-421c-8bb1-95d4cf3aff03,2-Buttony-Conversion-Buttons,NG,Google,english,iOS,Africa,Mobile
view,eb72422f-1caf-4f93-9fec-d2a469f80cb4,2-Buttony-Conversion-Buttons,DE,Google,english,Android,Europe,Mobile
view,7296a494-4fd2-4ba1-95de-4b3c28b30596,2-Buttony-Conversion-Buttons,IN,Google,english,iOS,Asia,Mobile
view,2c1289d4-73e1-4c22-a859-bdf4933e7373,2-Buttony-Conversion-Buttons,US,Google,english,iOS,America,Mobile
view,9c6f86ef-6fd3-481d-bd51-afb5d89b8f20,1-Control,CA,StudyPortal,english,iOS,America,Mobile
view,09c96061-bd92-4d59-8116-33168ec9ac97,2-Buttony-Conversion-Buttons,UG,Google,english,Android,Asia,Mobile
view,7ca76b71-e053-4226-a0ba-20011e25fe65,1-Control,DE,Google,english,Android,Europe,Tablet
